query,sql,natural_answer,natural_answer_clean,keywords
경주시 37세 남자 서비스 혜택 알고 싶어요.,"SELECT benefit_summary, benefit_details, keywords FROM benefits WHERE area LIKE '%경주시%' AND min_age <= 37 AND max_age >= 37 AND (gender = '남자' OR gender = '') LIMIT 15;","경주시의 37세 남성에게 적합한 서비스 혜택으로는 가축 사육 및 축산시설물을 운영하는 경우 가축재해에 대한 피해를 보전받을 수 있는 가축재해보험이 있습니다. 이 보험은 보험료 지원을 통해 농업인에게 도움을 주며, 경주시 내에서 이용할 수 있는 서비스입니다. 가축을 키우고 계신다면 이 혜택을 고려해보시길 추천드립니다.","경주시의 37세 남성에게 적합한 서비스 혜택으로는 가축 사육 및 축산시설물을 운영하는 경우 가축재해에 대한 피해를 보전받을 수 있는 가축재해보험이 있습니다. 이 보험은 보험료 지원을 통해 농업인에게 도움을 주며, 경주시 내에서 이용할 수 있는 서비스입니다. 가축을 키우고 계신다면 이 혜택을 고려해보시길 추천드립니다.","경주시, 37세 남성, 서비스 혜택, 가축 사육, 가축재해보험"
현재 받을 수 있는 지원금은 무엇이 있나요?,SELECT * FROM benefits WHERE start_date <= CURDATE() AND end_date >= CURDATE() LIMIT 15;,"현재 받을 수 있는 지원금에는 다음과 같은 것이 있습니다:

1. **수산업경영회생자금 지원**:
   - 대상: 어업인, 어업경영체 및 어업법인 등.
   - 내용: 어려움에 처한 어업경영체를 대상으로 지원하는 융자 프로그램으로, 5년 간의 거치기간 후 7년간 균분 상환하며, 융자금리는 1%입니다. 지원 항목으로는 수협은행 대출금의 원리금, 어업시설 개보수 자금, 운영자금 등이 포함됩니다.
   - 신청 방법: 현장 방문 및 방문신청이 가능하며, 신청 기간은 2025년 1월 1일부터 2025년 12월 10일까지입니다.

2. **군 복무 중 자기개발비 지원**:
   - 대상: 병 및 상근예비역.
   - 내용: 연간 최대 24만원을 지원하며, 도서 구입비, 강좌 수강료, 학습용품비 등을 지원합니다.
   - 신청 방법: 온라인 신청이 가능하며, 나라사랑포털을 통해 진행됩니다. 지원 기간은 2025년 1월 1일부터 2025년 11월 30일까지입니다.

3. **평생교육바우처 지원**:
   - 대상: 기초생활보장 수급자 및 차상위계층.
   - 내용: 1인당 연간 35만원의 바우처를 제공하여 평생 교육 강좌 수강료 및 교재비에 사용 가능합니다.
   - 신청 방법: 온라인 신청이 가능하며, 신청 기간은 2025년 3월 1일부터 2025년 11월 30일까지입니다.

4. **인플루엔자 백신 접종 지원**:
   - 대상: 생후 6개월~13세 어린이, 임신부, 65세 이상 노인.
   - 내용: 인플루엔자 4가 백신 접종을 무료로 지원합니다.
   - 신청 방법: 현장 방문하여 지정 의료기관 및 보건소에서 신청 가능하며, 지원 기간은 2024년 9월 20일부터 2025년 4월 30일까지입니다.

5. **관광사업체 시설자금 및 운영자금 지원**:
   - 대상: 관광사업체.
   - 내용: 신축 투자 및 운영자금을 융자 지원합니다.
   - 신청 방법: 온라인 및 방문 신청이 가능하며, 지원기간은 2024년 12월 30일부터 2025년 5월 16일까지입니다.

6. **문화누리카드 지원**:
   - 대상: 기초생활보장 수급자 및 차상위계층.
   - 내용: 문화예술 활동에 사용할 수 있는 카드입니다. 연간 14만원 지원합니다.
   - 신청 방법: 온라인 및 방문 신청이 가능하며, 신청 기간은 2025년 2월 3일부터 2025년 11월 28일까지입니다.

7. **저소득 가구 임대차계약 중개수수료 지원**:
   - 대상: 국민기초생활보장법에 따라 수급자 및 차상위계층.
   - 내용: 임대차계약시 발생하는 중개수수료를 최대 60만원까지 지원합니다.
   - 신청 방법: 온라인 및 현장 방문 신청이 가능하며, 지원 기간은 2025년 1월 1일부터 2025년 12월 31일까지입니다.

이 외에도 다양한 지원 프로그램이 있으니 필요에 따라 확인하시고 신청하시기 바랍니다.","현재 받을 수 있는 지원금에는 다음과 같은 것이 있습니다: 수산업경영회생자금 지원: - 대상: 어업인, 어업경영체 및 어업법인 등. - 내용: 어려움에 처한 어업경영체를 대상으로 지원하는 융자 프로그램으로, 5년 간의 거치기간 후 7년간 균분 상환하며, 융자금리는 1%입니다. 지원 항목으로는 수협은행 대출금의 원리금, 어업시설 개보수 자금, 운영자금 등이 포함됩니다. - 신청 방법: 현장 방문 및 방문신청이 가능하며, 신청 기간은 2025년 1월 1일부터 2025년 12월 10일까지입니다. 군 복무 중 자기개발비 지원: - 대상: 병 및 상근예비역. - 내용: 연간 최대 24만원을 지원하며, 도서 구입비, 강좌 수강료, 학습용품비 등을 지원합니다. - 신청 방법: 온라인 신청이 가능하며, 나라사랑포털을 통해 진행됩니다. 지원 기간은 2025년 1월 1일부터 2025년 11월 30일까지입니다. 평생교육바우처 지원: - 대상: 기초생활보장 수급자 및 차상위계층. - 내용: 1인당 연간 35만원의 바우처를 제공하여 평생 교육 강좌 수강료 및 교재비에 사용 가능합니다. - 신청 방법: 온라인 신청이 가능하며, 신청 기간은 2025년 3월 1일부터 2025년 11월 30일까지입니다. 인플루엔자 백신 접종 지원: - 대상: 생후 6개월~13세 어린이, 임신부, 65세 이상 노인. - 내용: 인플루엔자 4가 백신 접종을 무료로 지원합니다. - 신청 방법: 현장 방문하여 지정 의료기관 및 보건소에서 신청 가능하며, 지원 기간은 2024년 9월 20일부터 2025년 4월 30일까지입니다. 관광사업체 시설자금 및 운영자금 지원: - 대상: 관광사업체. - 내용: 신축 투자 및 운영자금을 융자 지원합니다. - 신청 방법: 온라인 및 방문 신청이 가능하며, 지원기간은 2024년 12월 30일부터 2025년 5월 16일까지입니다. 문화누리카드 지원: - 대상: 기초생활보장 수급자 및 차상위계층. - 내용: 문화예술 활동에 사용할 수 있는 카드입니다. 연간 14만원 지원합니다. - 신청 방법: 온라인 및 방문 신청이 가능하며, 신청 기간은 2025년 2월 3일부터 2025년 11월 28일까지입니다. 저소득 가구 임대차계약 중개수수료 지원: - 대상: 국민기초생활보장법에 따라 수급자 및 차상위계층. - 내용: 임대차계약시 발생하는 중개수수료를 최대 60만원까지 지원합니다. - 신청 방법: 온라인 및 현장 방문 신청이 가능하며, 지원 기간은 2025년 1월 1일부터 2025년 12월 31일까지입니다. 이 외에도 다양한 지원 프로그램이 있으니 필요에 따라 확인하시고 신청하시기 바랍니다.","지원금, 수산업경영회생자금, 군 복무, 평생교육바우처, 인플루엔자 백신, 관광사업체, 문화누리카드, 임대차계약"
장애인을 위한 지원 혜택에는 어떤 것이 있나요?,"SELECT benefit_summary, benefit_details, keywords FROM benefits WHERE personal_category LIKE '%장애인%' LIMIT 15;","장애인을 위한 지원 혜택에는 여러 가지가 있습니다. 주요 지원 내용은 다음과 같습니다:

1. **법률 지원**: 장애인을 포함한 범죄 피해자를 위해 성폭력, 아동학대 및 인신매매와 관련하여 법률적 지원을 제공합니다. 또한, 해양사고와 관련하여 법률 지원 및 국선변론인을 통해 도움이 제공됩니다.

2. **무료 법률 서비스**: 취약계층을 위한 무료 법률 서비스를 통해 법적인 상담과 지원을 받을 수 있습니다.

3. **차량 관련 세금 감면**: 장애인을 위해 차량 취득세 및 자동차세가 감면되는 혜택이 있습니다.

4. **특수교육 지원**: 국립특수학교 및 국립부설학교의 특수학급을 지원하며, 장애학생의 가족이 참여하는 국외체험 연수도 지원합니다.

5. **보조기기 서비스 제공**: 장애인 및 노인을 위한 보조기기를 제공하고, 관련 상담 서비스도 이루어집니다.

이 외에도 국가에서 다양한 프로그램과 서비스를 통해 장애인을 지원하고 있습니다.","장애인을 위한 지원 혜택에는 여러 가지가 있습니다. 주요 지원 내용은 다음과 같습니다: 법률 지원: 장애인을 포함한 범죄 피해자를 위해 성폭력, 아동학대 및 인신매매와 관련하여 법률적 지원을 제공합니다. 또한, 해양사고와 관련하여 법률 지원 및 국선변론인을 통해 도움이 제공됩니다. 무료 법률 서비스: 취약계층을 위한 무료 법률 서비스를 통해 법적인 상담과 지원을 받을 수 있습니다. 차량 관련 세금 감면: 장애인을 위해 차량 취득세 및 자동차세가 감면되는 혜택이 있습니다. 특수교육 지원: 국립특수학교 및 국립부설학교의 특수학급을 지원하며, 장애학생의 가족이 참여하는 국외체험 연수도 지원합니다. 보조기기 서비스 제공: 장애인 및 노인을 위한 보조기기를 제공하고, 관련 상담 서비스도 이루어집니다. 이 외에도 국가에서 다양한 프로그램과 서비스를 통해 장애인을 지원하고 있습니다.","장애인, 지원 혜택, 법률 지원, 무료 법률 서비스, 차량 관련 세금 감면"
한부모 가정을 대상으로 하는 지원금은 무엇인가요?,"SELECT benefit_summary, benefit_details, keywords FROM benefits WHERE household_category LIKE '%한부모가정%' LIMIT 15;","한부모 가정을 위한 다양한 지원금 및 혜택이 있습니다. 다음은 해당 지원금 목록입니다:

1. **한부모가족 임대주택 특별공급**: 한부모 가정이 주거 자립을 할 수 있도록 돕는 임대주택 특별공급 프로그램입니다.
   
2. **한부모가족의 법적 분쟁 발생 시 무료 법률 지원**: 법적 문제로 어려움을 겪는 한부모 가정을 위해 소송 비용 등을 무료로 지원하는 서비스입니다.
   
3. **저소득 청소년부모 가구 자녀 양육비 지원**: 저소득층 청소년 부모 가구의 자녀 양육을 돕기 위한 현금 지원 프로그램입니다.

4. **미성년 미혼한부모 지원**: 미성년인 미혼한부모에게 생활비를 지원하는 프로그램입니다.

이 외에도 한부모 가정을 포함한 다양한 계층을 위한 여러 지원 프로그램이 있으니 필요에 따라 적절한 지원을 받을 수 있는 방법을 찾아보시는 것이 좋습니다.",한부모 가정을 위한 다양한 지원금 및 혜택이 있습니다. 다음은 해당 지원금 목록입니다: 한부모가족 임대주택 특별공급: 한부모 가정이 주거 자립을 할 수 있도록 돕는 임대주택 특별공급 프로그램입니다. 한부모가족의 법적 분쟁 발생 시 무료 법률 지원: 법적 문제로 어려움을 겪는 한부모 가정을 위해 소송 비용 등을 무료로 지원하는 서비스입니다. 저소득 청소년부모 가구 자녀 양육비 지원: 저소득층 청소년 부모 가구의 자녀 양육을 돕기 위한 현금 지원 프로그램입니다. 미성년 미혼한부모 지원: 미성년인 미혼한부모에게 생활비를 지원하는 프로그램입니다. 이 외에도 한부모 가정을 포함한 다양한 계층을 위한 여러 지원 프로그램이 있으니 필요에 따라 적절한 지원을 받을 수 있는 방법을 찾아보시는 것이 좋습니다.,"한부모 가정, 지원금, 혜택, 임대주택 특별공급, 법률 지원, 자녀 양육비, 미성년 미혼한부모"
청년층을 위한 생활안정 지원은 어떤 프로그램이 있나요?,"SELECT benefit_summary, benefit_details, keywords FROM benefits WHERE min_age <= 39 AND max_age >= 19 LIMIT 15;","청년층을 위한 생활안정 지원 프로그램으로는 여러 가지가 있습니다. 예를 들어, 주택도시기금에서 제공하는 월세자금보증 지원이 있습니다. 이는 월세를 지불하는 데 어려움을 겪는 청년들에게 큰 도움이 될 수 있습니다. 또한, 청년 창업을 지원하는 융자 프로그램도 있으며, 이를 통해 귀어 창업 및 주택구입을 지원받을 수 있습니다.

아울러, 소득이 적은 근로소득자에게는 근로장려금과 자녀장려금을 지원하여 생활안정에 기여하고 있습니다. 이러한 다양한 지원 프로그램들은 청년층이 더 안정된 생활을 할 수 있도록 돕고 있습니다. 도움이 필요하시다면 관련 기관에 문의하여 자세한 정보를 알아보시는 것이 좋습니다.","청년층을 위한 생활안정 지원 프로그램으로는 여러 가지가 있습니다. 예를 들어, 주택도시기금에서 제공하는 월세자금보증 지원이 있습니다. 이는 월세를 지불하는 데 어려움을 겪는 청년들에게 큰 도움이 될 수 있습니다. 또한, 청년 창업을 지원하는 융자 프로그램도 있으며, 이를 통해 귀어 창업 및 주택구입을 지원받을 수 있습니다. 아울러, 소득이 적은 근로소득자에게는 근로장려금과 자녀장려금을 지원하여 생활안정에 기여하고 있습니다. 이러한 다양한 지원 프로그램들은 청년층이 더 안정된 생활을 할 수 있도록 돕고 있습니다. 도움이 필요하시다면 관련 기관에 문의하여 자세한 정보를 알아보시는 것이 좋습니다.","청년층, 생활안정, 지원 프로그램, 월세자금보증, 청년 창업, 근로장려금"
소득 기준에 따라 받을 수 있는 지원금은 어떻게 되나요?,"SELECT benefit_summary, benefit_details, keywords FROM benefits WHERE income_category IS NOT NULL LIMIT 15;","소득 기준에 따라 받을 수 있는 지원금에는 다음과 같은 항목들이 있습니다:

1. **합작수산물 관세 감면**: 수산물 수입에 따른 관세를 감면받을 수 있습니다.
   
2. **원양어업 경영자금 지원**: 원양어업에 종사하는 어업인에게 경영자금을 융자 형식으로 지원합니다.

3. **해양사고 관련 법률 지원**: 해양사고와 관련하여 사회적 약자를 위해 법률 지원을 받을 수 있습니다.

4. **고가의 수산장비 구입 비용 지원**: 수산장비 구매에 대한 융자 지원이 제공됩니다.

5. **귀어 창업 및 주택구입 지원(융자)**: 귀어를 희망하는 이들을 위해 창업과 주택구입에 대한 융자 지원이 이루어집니다.

6. **원양어선의 안전성 확보와 어선원 복지 증진**: 원양어선의 안전성을 높이고 어선원의 복지를 위해 현금 지원이 제공됩니다.

7. **국제옵서버를 승선시킨 원양선사에 대한 지원**: 원양선사에서 옵서버를 승선시킬 경우 승선 경비 및 활동 지원이 이루어집니다.

8. **친환경 에너지 절감 장비 보급**: 어업인에게 에너지 절감 장비를 보급하고 현금 지원을 제공하여 친환경적인 경영을 촉진합니다.

9. **주택도시기금 월세자금보증 지원**: 주거안정을 위해 월세 대출 요건을 충족하는 대상자에게 월세자금 보증을 지원합니다.

10. **산지 및 소비지 유통자금 융자 지원**: 산지 유통 및 소비지에서 수산물 거래를 위한 융자 지원이 있습니다.

각 지원금은 소득 수준이나 특정 조건에 따라 다르게 신청할 수 있으니, 자세한 내용은 관련 기관에 문의해 보시기 바랍니다.","소득 기준에 따라 받을 수 있는 지원금에는 다음과 같은 항목들이 있습니다: 합작수산물 관세 감면: 수산물 수입에 따른 관세를 감면받을 수 있습니다. 원양어업 경영자금 지원: 원양어업에 종사하는 어업인에게 경영자금을 융자 형식으로 지원합니다. 해양사고 관련 법률 지원: 해양사고와 관련하여 사회적 약자를 위해 법률 지원을 받을 수 있습니다. 고가의 수산장비 구입 비용 지원: 수산장비 구매에 대한 융자 지원이 제공됩니다. 귀어 창업 및 주택구입 지원(융자): 귀어를 희망하는 이들을 위해 창업과 주택구입에 대한 융자 지원이 이루어집니다. 원양어선의 안전성 확보와 어선원 복지 증진: 원양어선의 안전성을 높이고 어선원의 복지를 위해 현금 지원이 제공됩니다. 국제옵서버를 승선시킨 원양선사에 대한 지원: 원양선사에서 옵서버를 승선시킬 경우 승선 경비 및 활동 지원이 이루어집니다. 친환경 에너지 절감 장비 보급: 어업인에게 에너지 절감 장비를 보급하고 현금 지원을 제공하여 친환경적인 경영을 촉진합니다. 주택도시기금 월세자금보증 지원: 주거안정을 위해 월세 대출 요건을 충족하는 대상자에게 월세자금 보증을 지원합니다. 산지 및 소비지 유통자금 융자 지원: 산지 유통 및 소비지에서 수산물 거래를 위한 융자 지원이 있습니다. 각 지원금은 소득 수준이나 특정 조건에 따라 다르게 신청할 수 있으니, 자세한 내용은 관련 기관에 문의해 보시기 바랍니다.","지원금, 수산물, 경영자금, 귀어 창업, 안전성 확보"
지원금을 신청하는 방법은 무엇인가요?,SELECT application_method FROM benefits LIMIT 15;,"지원금을 신청하는 방법은 주로 현장 방문을 통해 이루어집니다. 기타 방법도 있을 수 있지만, 현장 방문이 가장 일반적인 신청 방식입니다. 필요한 정보나 서류를 준비하여 해당 장소를 방문하시기 바랍니다.","지원금을 신청하는 방법은 주로 현장 방문을 통해 이루어집니다. 기타 방법도 있을 수 있지만, 현장 방문이 가장 일반적인 신청 방식입니다. 필요한 정보나 서류를 준비하여 해당 장소를 방문하시기 바랍니다.","지원금, 신청, 현장 방문, 정보, 서류"
온라인으로 신청 가능한 지원금이 있나요?,"SELECT benefit_summary, benefit_details, keywords FROM benefits WHERE application_method LIKE '%온라인%' LIMIT 15;","온라인으로 신청 가능한 지원금으로는 다음과 같은 여러 가지가 있습니다:

1. **인증부표 교체 비용 지원** - 어업인들을 위한 지원으로, 인증부표 교체에 필요한 비용을 지원합니다.
  
2. **선원 및 직계가족을 위한 복지서비스 제공** - 선원과 그 가족을 위해 다양한 복지 서비스와 장학금을 제공합니다.
  
3. **조건이 불리한 지역에서 어업을 경영하는 어가 대상 소득 보전** - 조건이 불리한 지역에서 어업을 하는 가구에 소득을 보전하는 지원입니다.
  
4. **군 복무 중 병의 자기개발 비용 지원** - 군인들이 자기개발을 위한 교육 비용으로 최대 12만원까지 지원합니다.
  
5. **저소득층에게 평생교육시설 강좌를 수강할 수 있는 바우처 제공** - 저소득층을 위한 평생교육 바우처가 제공되어 관련 강좌를 수강할 수 있습니다.
  
6. **임산부 및 영유아 영양 지원** - 임산부와 영유아를 위한 영양 지원 프로그램이 있습니다.
  
7. **유휴 간호사 등을 위한 교육 및 취업 연계 서비스 제공** - 퇴직 간호사 등을 위한 교육과 취업 연계 서비스입니다.
  
8. **저소득층 유청소년 대상 스포츠 강좌 수강료 지원** - 저소득층 청소년을 위한 스포츠 강좌 수강료를 지원합니다.
  
9. **기초생활수급자 및 차상위 계층에게 문화예술, 국내여행 등에 사용 가능한 문화누리카드 제공** - 문화누리카드를 통해 문화예술 활동이나 여행에 사용할 수 있는 바우처를 제공합니다.
  
10. **소상공인 창업교육 지원 사업** - 예비 창업자와 소상공인을 위한 창업 교육 및 사업화 지원을 진행합니다.

이 외에도 다양한 지원금과 프로그램이 있으니 필요에 따라 신청하시기 바랍니다.","온라인으로 신청 가능한 지원금으로는 다음과 같은 여러 가지가 있습니다: 인증부표 교체 비용 지원 - 어업인들을 위한 지원으로, 인증부표 교체에 필요한 비용을 지원합니다. 선원 및 직계가족을 위한 복지서비스 제공 - 선원과 그 가족을 위해 다양한 복지 서비스와 장학금을 제공합니다. 조건이 불리한 지역에서 어업을 경영하는 어가 대상 소득 보전 - 조건이 불리한 지역에서 어업을 하는 가구에 소득을 보전하는 지원입니다. 군 복무 중 병의 자기개발 비용 지원 - 군인들이 자기개발을 위한 교육 비용으로 최대 12만원까지 지원합니다. 저소득층에게 평생교육시설 강좌를 수강할 수 있는 바우처 제공 - 저소득층을 위한 평생교육 바우처가 제공되어 관련 강좌를 수강할 수 있습니다. 임산부 및 영유아 영양 지원 - 임산부와 영유아를 위한 영양 지원 프로그램이 있습니다. 유휴 간호사 등을 위한 교육 및 취업 연계 서비스 제공 - 퇴직 간호사 등을 위한 교육과 취업 연계 서비스입니다. 저소득층 유청소년 대상 스포츠 강좌 수강료 지원 - 저소득층 청소년을 위한 스포츠 강좌 수강료를 지원합니다. 기초생활수급자 및 차상위 계층에게 문화예술, 국내여행 등에 사용 가능한 문화누리카드 제공 - 문화누리카드를 통해 문화예술 활동이나 여행에 사용할 수 있는 바우처를 제공합니다. 소상공인 창업교육 지원 사업 - 예비 창업자와 소상공인을 위한 창업 교육 및 사업화 지원을 진행합니다. 이 외에도 다양한 지원금과 프로그램이 있으니 필요에 따라 신청하시기 바랍니다.","지원금, 인증부표 교체, 복지서비스, 소득 보전, 교육비용, 평생교육시설, 영양 지원, 스포츠 강좌, 문화누리카드, 창업교육"
방문 신청이 가능한 혜택은 무엇인가요?,"SELECT benefit_summary, benefit_details, keywords FROM benefits WHERE application_method LIKE '%방문 신청%' LIMIT 15;","방문 신청이 가능한 혜택은 다음과 같습니다:

1. **저소득층 유청소년 대상 스포츠 강좌 수강료 지원**: 이 지원은 저소득층의 유청소년이 스포츠 강좌를 이용할 수 있도록 돕습니다.
   
2. **문화누리카드 제공**: 기초생활수급자 및 차상위 계층에게 문화예술, 국내여행 등에 사용할 수 있는 문화누리카드를 제공합니다.

3. **저리 융자 지원**: 저소득 근로자를 위해 생활 안정을 위한 저리 융자 자금을 지원합니다.

4. **전세보증금 반환보증 보증료 지원**: 주거 자립을 위해 전세 보증금과 관련된 반환보증의 보증료를 지원합니다.

5. **장애인 가정 출산 지원금**: 장애인 가정에 출산 시 지원금을 제공합니다.

6. **고등학교 입학생 입학지원금 지원**: 고등학교에 입학하는 학생을 위한 지원금입니다.

7. **둘째 이상 자녀 출산 가정에 대한 출산 지원금**: 둘째 이상의 자녀를 출산한 가정에 지원금을 제공합니다.

8. **참전유공자 사망 시 위로금 지원**: 북구에 거주하는 만 65세 이상의 참전유공자 사망 시 위로금을 지원합니다.

9. **초중고교생 교육활동 지원**: 저소득층 초중고 학생들에게 교육 활동을 지원하는 혜택입니다.

10. **입양아동 입양축하금 지원**: 입양된 아동에게 입양 축하금을 지원합니다.

이러한 혜택을 통해 다양한 계층의 소외 계층을 지원하고 있습니다. 필요한 경우 해당 혜택에 대해 더 자세한 정보를 요청하실 수 있습니다.","방문 신청이 가능한 혜택은 다음과 같습니다: 저소득층 유청소년 대상 스포츠 강좌 수강료 지원: 이 지원은 저소득층의 유청소년이 스포츠 강좌를 이용할 수 있도록 돕습니다. 문화누리카드 제공: 기초생활수급자 및 차상위 계층에게 문화예술, 국내여행 등에 사용할 수 있는 문화누리카드를 제공합니다. 저리 융자 지원: 저소득 근로자를 위해 생활 안정을 위한 저리 융자 자금을 지원합니다. 전세보증금 반환보증 보증료 지원: 주거 자립을 위해 전세 보증금과 관련된 반환보증의 보증료를 지원합니다. 장애인 가정 출산 지원금: 장애인 가정에 출산 시 지원금을 제공합니다. 고등학교 입학생 입학지원금 지원: 고등학교에 입학하는 학생을 위한 지원금입니다. 둘째 이상 자녀 출산 가정에 대한 출산 지원금: 둘째 이상의 자녀를 출산한 가정에 지원금을 제공합니다. 참전유공자 사망 시 위로금 지원: 북구에 거주하는 만 65세 이상의 참전유공자 사망 시 위로금을 지원합니다. 초중고교생 교육활동 지원: 저소득층 초중고 학생들에게 교육 활동을 지원하는 혜택입니다. 입양아동 입양축하금 지원: 입양된 아동에게 입양 축하금을 지원합니다. 이러한 혜택을 통해 다양한 계층의 소외 계층을 지원하고 있습니다. 필요한 경우 해당 혜택에 대해 더 자세한 정보를 요청하실 수 있습니다.","저소득층, 유청소년, 스포츠 강좌, 문화누리카드, 장애인 가정 출산 지원금"
노인 복지 혜택에는 어떤 항목이 포함되나요?,"SELECT benefit_summary, benefit_details, keywords FROM benefits WHERE min_age >= 65 OR max_age >= 65 LIMIT 15;","노인 복지 혜택에는 다양한 항목이 포함되며, 아래와 같은 주요 지원 프로그램이 있습니다:

1. **해양사고 관련 법률 지원**: 해양사고에 관련된 법률 자문 및 국선변론을 지원하는 혜택입니다.
2. **주택도시기금 주거안정 월세대출**: 주택금융공사를 통해 월세 자금 보증을 지원하여 주거 안정을 도모합니다.
3. **근로장려금 및 자녀장려금**: 소득이 적은 근로소득자에게 지급되는 경제적 지원으로, 세금 감면 혜택도 포함됩니다.

이 외에도 어업인 대상의 다양한 경영 및 교육 지원 프로그램이 존재하지만, 노인 복지에 직접적으로 관련된 내용은 위와 같습니다. 따라서 노인들이 필요로 하는 복지 혜택에 맞춰 이러한 지원이 마련되어 있습니다.","노인 복지 혜택에는 다양한 항목이 포함되며, 아래와 같은 주요 지원 프로그램이 있습니다: 해양사고 관련 법률 지원: 해양사고에 관련된 법률 자문 및 국선변론을 지원하는 혜택입니다. 주택도시기금 주거안정 월세대출: 주택금융공사를 통해 월세 자금 보증을 지원하여 주거 안정을 도모합니다. 근로장려금 및 자녀장려금: 소득이 적은 근로소득자에게 지급되는 경제적 지원으로, 세금 감면 혜택도 포함됩니다. 이 외에도 어업인 대상의 다양한 경영 및 교육 지원 프로그램이 존재하지만, 노인 복지에 직접적으로 관련된 내용은 위와 같습니다. 따라서 노인들이 필요로 하는 복지 혜택에 맞춰 이러한 지원이 마련되어 있습니다.","복지 혜택, 노인, 지원 프로그램, 주거 안정, 근로장려금"
현금 지급이 가능한 혜택은 무엇인가요?,"SELECT benefit_summary, benefit_details, keywords FROM benefits WHERE support_type LIKE '%현금%' LIMIT 15;","현금 지급이 가능한 혜택으로는 다음과 같은 것들이 있습니다:

1. **원양어선의 안전성 확보와 어선원 복지 증진**: 이 혜택은 현금으로 지원되며, 어업인의 안전과 복지를 위해 마련되었습니다.
  
2. **친환경 에너지 절감 장비 보급**: 어업인에게 에너지 절감 장비를 보급하는 과정에서 현금 지원이 이루어집니다.

3. **산지 및 소비지 유통자금 융자 지원**: 사실상 현금 지원이 포함된 이 혜택은 수산물 유통과 관련하여 제공됩니다.

이 외에도 여러 혜택이 있지만, 현금 지급이 구체적으로 언급된 것은 위와 같습니다.","현금 지급이 가능한 혜택으로는 다음과 같은 것들이 있습니다: 원양어선의 안전성 확보와 어선원 복지 증진: 이 혜택은 현금으로 지원되며, 어업인의 안전과 복지를 위해 마련되었습니다. 친환경 에너지 절감 장비 보급: 어업인에게 에너지 절감 장비를 보급하는 과정에서 현금 지원이 이루어집니다. 산지 및 소비지 유통자금 융자 지원: 사실상 현금 지원이 포함된 이 혜택은 수산물 유통과 관련하여 제공됩니다. 이 외에도 여러 혜택이 있지만, 현금 지급이 구체적으로 언급된 것은 위와 같습니다.","현금 지급, 어선원 복지, 친환경 에너지, 에너지 절감 장비, 유통자금 융자"
출산 관련해서 받을 수 있는 지원금은 무엇인가요?,"SELECT benefit_category, keywords FROM benefits WHERE personal_category LIKE '%출산%' LIMIT 15;","출산 관련하여 받을 수 있는 지원금은 여러 가지가 있습니다. 주요 지원 항목은 다음과 같습니다:

1. **해산비**: 출산 시 긴급하게 필요한 자금 지원.
2. **임산부 및 영유아 지원**: 보건소를 통해 제공되는 영양플러스 프로그램 및 보충식품 지원.
3. **입양축하금**: 입양 시에 지급되는 200만원의 지원금.
4. **첫만남이용권**: 신생아 출생 시 제공되는 아동 이용권.
5. **출산장려금**: 셋째아 이상에 대한 건강보험료 지원, 지역에 따라 다를 수 있습니다.
6. **산모 및 신생아 건강관리 지원**: 특정 지역(예: 종로구)에서 제공되는 건강관리 서비스.
7. **장애인 출산 지원금**: 장애인을 대상으로 하는 출산 지원금.
8. **출산 양육 지원금**: 신생아 양육을 위한 지원금.

각 지역에 따라 지원 내용과 방식이 다를 수 있으니, 상세한 내용은 해당 지자체의 보건복지부서에 문의하는 것이 좋습니다.","출산 관련하여 받을 수 있는 지원금은 여러 가지가 있습니다. 주요 지원 항목은 다음과 같습니다: 해산비: 출산 시 긴급하게 필요한 자금 지원. 임산부 및 영유아 지원: 보건소를 통해 제공되는 영양플러스 프로그램 및 보충식품 지원. 입양축하금: 입양 시에 지급되는 200만원의 지원금. 첫만남이용권: 신생아 출생 시 제공되는 아동 이용권. 출산장려금: 셋째아 이상에 대한 건강보험료 지원, 지역에 따라 다를 수 있습니다. 산모 및 신생아 건강관리 지원: 특정 지역(예: 종로구)에서 제공되는 건강관리 서비스. 장애인 출산 지원금: 장애인을 대상으로 하는 출산 지원금. 출산 양육 지원금: 신생아 양육을 위한 지원금. 각 지역에 따라 지원 내용과 방식이 다를 수 있으니, 상세한 내용은 해당 지자체의 보건복지부서에 문의하는 것이 좋습니다.","출산 관련, 지원금, 해산비, 임산부, 영유아, 입양축하금, 첫만남이용권, 출산장려금, 산모, 신생아, 건강관리, 장애인, 양육, 보건복지부서"
농업인 대상의 현물 지원은 무엇인가요?,"SELECT benefit_summary, benefit_details, keywords FROM benefits WHERE support_type LIKE '%현물%' AND personal_category LIKE '%농업인%' LIMIT 15;","농업인 대상의 현물 지원에는 다양한 지원 프로그램이 포함됩니다. 아래는 주요 지원 항목들입니다:

1. **수산생물 방역장비 지원**: 농림축산어업 분야에서 수산생물에 대한 방역장비를 지원하여, 안전한 양식 환경을 조성합니다.

2. **양식어업인 방역교육 및 질병진단 경비 지원**: 양식업 종사자들을 위해 방역교육과 질병 진단 등에 필요한 경비를 지원합니다.

3. **수산동물질병 예방백신 공급 지원**: 양식업에 종사하는 농업인에게 수산동물의 질병 예방을 위한 백신을 공급하여 질병 방지를 도와줍니다.

4. **상수원 보호구역 주민 소득 증대 및 복지 지원**: 상수원 보호구역에 거주하는 주민에게 소득을 증대시키고 복지를 향상시키기 위한 지원을 제공합니다.

5. **농기계 등화장치 부착비 지원**: 농업인들이 도로주행 농기계에 필요한 등화장치를 부착할 수 있도록 지원합니다.

6. **양봉농가 구제약품 지원**: 양봉농가에 필요한 구제약품을 지원하여 건강한 벌 관리가 가능하도록 합니다.

7. **유기질비료 구매 보조 지원**: 농업경영체에 등록된 농업인들에게 유기질비료 구매에 대해 보조금을 지원합니다.

8. **화훼농가 상토 구매비 지원**: 화훼농가에 상토 구매비를 지원하여 농업 생산성을 높입니다.

9. **친환경 농자재 및 인증비용 지원**: 농업인들이 친환경 농자재를 구매하고 인증을 받을 수 있도록 지원합니다.

이처럼 다양한 현물 지원 프로그램을 통해 농업인들이 보다 안전하고 효율적으로 농업을 운영할 수 있도록 돕고 있습니다.","농업인 대상의 현물 지원에는 다양한 지원 프로그램이 포함됩니다. 아래는 주요 지원 항목들입니다: 수산생물 방역장비 지원: 농림축산어업 분야에서 수산생물에 대한 방역장비를 지원하여, 안전한 양식 환경을 조성합니다. 양식어업인 방역교육 및 질병진단 경비 지원: 양식업 종사자들을 위해 방역교육과 질병 진단 등에 필요한 경비를 지원합니다. 수산동물질병 예방백신 공급 지원: 양식업에 종사하는 농업인에게 수산동물의 질병 예방을 위한 백신을 공급하여 질병 방지를 도와줍니다. 상수원 보호구역 주민 소득 증대 및 복지 지원: 상수원 보호구역에 거주하는 주민에게 소득을 증대시키고 복지를 향상시키기 위한 지원을 제공합니다. 농기계 등화장치 부착비 지원: 농업인들이 도로주행 농기계에 필요한 등화장치를 부착할 수 있도록 지원합니다. 양봉농가 구제약품 지원: 양봉농가에 필요한 구제약품을 지원하여 건강한 벌 관리가 가능하도록 합니다. 유기질비료 구매 보조 지원: 농업경영체에 등록된 농업인들에게 유기질비료 구매에 대해 보조금을 지원합니다. 화훼농가 상토 구매비 지원: 화훼농가에 상토 구매비를 지원하여 농업 생산성을 높입니다. 친환경 농자재 및 인증비용 지원: 농업인들이 친환경 농자재를 구매하고 인증을 받을 수 있도록 지원합니다. 이처럼 다양한 현물 지원 프로그램을 통해 농업인들이 보다 안전하고 효율적으로 농업을 운영할 수 있도록 돕고 있습니다.","농업인, 현물 지원, 지원 프로그램, 수산생물 방역장비, 방역교육, 백신 공급, 상수원 보호구역, 농기계 부착비, 구제약품 지원, 유기질비료 보조, 친환경 농자재 지원"
소득 기준으로 수당을 받을 수 있는 방법은요?,"SELECT application_method, keywords FROM benefits WHERE income_category IS NOT NULL LIMIT 15;","소득 기준으로 수당을 받을 수 있는 방법은 여러 가지가 있습니다. 다음과 같은 지원 프로그램들이 있습니다:

1. **관세 감면**: 수산물 및 수입과 관련된 지원이 제공됩니다.
2. **원양어업 지원**: 경영자금 융자와 관련하여 어업인에게 직접 지원이 이루어집니다.
3. **해양사고 법률 지원**: 사회적 약자와 관련된 법률 지원을 받을 수 있습니다.
4. **수산 장비 구입 지원**: 어업인에게 필요한 장비 구입에 대한 융자 지원이 제공됩니다.
5. **귀어 및 창업 지원**: 귀어를 원하는 사람들에게 주택 구입과 창업에 대한 융자 지원이 가능합니다.
6. **안전 관리 지원**: 원양어선 관련 안전관리와 관련한 현금 지원이 제공됩니다.
7. **에너지 절감 장비 보급**: 농림축산어업 관련으로 어업인의 에너지 절감 및 장비 보급을 위한 현금 지원이 있습니다.
8. **주거 안정**: 월세 및 자금 보증과 관련하여 주택금융공사에서 대출 지원이 이루어집니다.
9. **산지 유통 융자 지원**: 수산물의 유통과 관련된 융자 지원도 가능합니다.

이와 같은 방법을 통해 소득 기준으로 수당을 받을 수 있습니다. 각 프로그램의 세부 조건과 방법은 관련 기관에 문의하여 확인하시면 됩니다.",소득 기준으로 수당을 받을 수 있는 방법은 여러 가지가 있습니다. 다음과 같은 지원 프로그램들이 있습니다: 관세 감면: 수산물 및 수입과 관련된 지원이 제공됩니다. 원양어업 지원: 경영자금 융자와 관련하여 어업인에게 직접 지원이 이루어집니다. 해양사고 법률 지원: 사회적 약자와 관련된 법률 지원을 받을 수 있습니다. 수산 장비 구입 지원: 어업인에게 필요한 장비 구입에 대한 융자 지원이 제공됩니다. 귀어 및 창업 지원: 귀어를 원하는 사람들에게 주택 구입과 창업에 대한 융자 지원이 가능합니다. 안전 관리 지원: 원양어선 관련 안전관리와 관련한 현금 지원이 제공됩니다. 에너지 절감 장비 보급: 농림축산어업 관련으로 어업인의 에너지 절감 및 장비 보급을 위한 현금 지원이 있습니다. 주거 안정: 월세 및 자금 보증과 관련하여 주택금융공사에서 대출 지원이 이루어집니다. 산지 유통 융자 지원: 수산물의 유통과 관련된 융자 지원도 가능합니다. 이와 같은 방법을 통해 소득 기준으로 수당을 받을 수 있습니다. 각 프로그램의 세부 조건과 방법은 관련 기관에 문의하여 확인하시면 됩니다.,"수당, 소득 기준, 지원 프로그램, 수산물, 어업인"
농업 관련 지원 프로그램은 무엇인가요?,"SELECT benefit_summary, benefit_details, keywords FROM benefits WHERE keywords LIKE '%농업%' LIMIT 15;","농업 관련 지원 프로그램은 여러 가지가 있습니다. 주요 프로그램은 다음과 같습니다:

1. **천일염 생산자를 위한 포장재 지원**: 천일염 생산자에게 필요한 포장재를 지원합니다.
2. **산림소유자의 조림 사업비 지원**: 산림소유자를 대상으로 조림 사업에 필요한 비용을 지원합니다.
3. **상수원 보호구역 주민 소득 증대 및 복지 증진 지원**: 상수원 보호구역에 거주하는 주민에게 소득을 증대시키고 복지를 개선하기 위한 지원 프로그램입니다.
4. **농촌 폐비닐 수거보상금 지원**: 농촌 지역에서 발생하는 폐비닐을 수거하기 위한 보상금을 지원합니다.
5. **농업법인 및 중소기업을 위한 저리 융자 지원**: 우수 기술을 사업화하기 위한 자금을 저리로 융자 지원합니다.
6. **식품제조 가공업체 및 외식업체 지원**: 시설자금과 운영자금을 지원하여 식품업계의 경영을 도와줍니다.
7. **FTA 이행에 따른 농업인 피해보전**: 자유무역협정(FTA)로 인한 농업인 피해를 보전하기 위한 지원입니다.
8. **특용작물 재배시설 개·보수 및 생산 기기 현대화 지원**: 특용작물의 재배 시설과 생산 기기를 현대화하는 데 지원합니다.
9. **농업경영컨설팅 지원**: 농업인에게 경영 상담과 컨설팅 서비스를 제공합니다.
10. **인삼특용작물 유통시설 지원**: 인삼 및 특용작물의 유통을 위한 시설을 지원합니다.

이와 같은 다양한 지원 프로그램들이 농업인과 관련 단체를 돕고 있습니다. 각 프로그램은 특정 요구나 필요에 맞춰 설계되었으며, 농업 발전과 환경 보호에 기여하고 있습니다.","농업 관련 지원 프로그램은 여러 가지가 있습니다. 주요 프로그램은 다음과 같습니다: 천일염 생산자를 위한 포장재 지원: 천일염 생산자에게 필요한 포장재를 지원합니다. 산림소유자의 조림 사업비 지원: 산림소유자를 대상으로 조림 사업에 필요한 비용을 지원합니다. 상수원 보호구역 주민 소득 증대 및 복지 증진 지원: 상수원 보호구역에 거주하는 주민에게 소득을 증대시키고 복지를 개선하기 위한 지원 프로그램입니다. 농촌 폐비닐 수거보상금 지원: 농촌 지역에서 발생하는 폐비닐을 수거하기 위한 보상금을 지원합니다. 농업법인 및 중소기업을 위한 저리 융자 지원: 우수 기술을 사업화하기 위한 자금을 저리로 융자 지원합니다. 식품제조 가공업체 및 외식업체 지원: 시설자금과 운영자금을 지원하여 식품업계의 경영을 도와줍니다. FTA 이행에 따른 농업인 피해보전: 자유무역협정(FTA)로 인한 농업인 피해를 보전하기 위한 지원입니다. 특용작물 재배시설 개·보수 및 생산 기기 현대화 지원: 특용작물의 재배 시설과 생산 기기를 현대화하는 데 지원합니다. 농업경영컨설팅 지원: 농업인에게 경영 상담과 컨설팅 서비스를 제공합니다. 인삼특용작물 유통시설 지원: 인삼 및 특용작물의 유통을 위한 시설을 지원합니다. 이와 같은 다양한 지원 프로그램들이 농업인과 관련 단체를 돕고 있습니다. 각 프로그램은 특정 요구나 필요에 맞춰 설계되었으며, 농업 발전과 환경 보호에 기여하고 있습니다.","농업 관련, 지원 프로그램, 농촌 폐비닐 수거보상금, 농업법인, 중소기업, FTA 이행, 특용작물 재배시설, 농업경영컨설팅, 인삼특용작물 유통시설"
교육 및 학업 지원금은 어떻게 신청할 수 있나요?,"SELECT application_method, keywords FROM benefits WHERE benefit_category LIKE '%교육%' OR benefit_category LIKE '%학업%' LIMIT 15;","교육 및 학업 지원금 신청 방법은 다양합니다. 일반적으로는 아래와 같은 경로를 통해 신청할 수 있습니다:

1. **온라인 신청**: 일부 프로그램은 나라사랑포털을 통해 온라인으로 신청할 수 있습니다. 예를 들어, 군 복무 중인 경우 병 자기개발비 지원을 온라인으로 신청할 수 있으며, 금액은 12만원입니다.

2. **현장 방문**: 다음과 같은 지원 프로그램은 직접 현장을 방문하여 신청해야 합니다.
   - 유아학비 및 누리과정에 대한 지원
   - 통계교육 및 보육교육 관련 서비스
   - 청소년자립생활관에서의 지원
   - 영유아 보육시설에 대한 지방세 감면 및 취득세 지원
   - 특수교육 및 돌봄교실 관련 지원
   - 연구장학금 신청 등

3. **기타**: 일부 지원금은 교육급여와 같은 형태로, 저소득층의 초중고 학생들에게 지급되는 경우도 있습니다.

신청 전에 각 지원금의 조건이나 요구되는 서류를 확인하는 것이 중요합니다. 필요한 경우 직접 방문하여 상담을 받는 것도 좋은 방법입니다.","교육 및 학업 지원금 신청 방법은 다양합니다. 일반적으로는 아래와 같은 경로를 통해 신청할 수 있습니다: 온라인 신청: 일부 프로그램은 나라사랑포털을 통해 온라인으로 신청할 수 있습니다. 예를 들어, 군 복무 중인 경우 병 자기개발비 지원을 온라인으로 신청할 수 있으며, 금액은 12만원입니다. 현장 방문: 다음과 같은 지원 프로그램은 직접 현장을 방문하여 신청해야 합니다. - 유아학비 및 누리과정에 대한 지원 - 통계교육 및 보육교육 관련 서비스 - 청소년자립생활관에서의 지원 - 영유아 보육시설에 대한 지방세 감면 및 취득세 지원 - 특수교육 및 돌봄교실 관련 지원 - 연구장학금 신청 등 기타: 일부 지원금은 교육급여와 같은 형태로, 저소득층의 초중고 학생들에게 지급되는 경우도 있습니다. 신청 전에 각 지원금의 조건이나 요구되는 서류를 확인하는 것이 중요합니다. 필요한 경우 직접 방문하여 상담을 받는 것도 좋은 방법입니다.","교육, 학업, 지원금, 신청 방법, 온라인 신청, 현장 방문, 지원 프로그램, 유아학비, 누리과정, 특수교육, 연구장학금"
건강과 의료 지원은 어떤 프로그램이 있나요?,"SELECT id, keywords FROM benefits WHERE benefit_category LIKE '%건강%' OR benefit_category LIKE '%의료%' LIMIT 15;","건강과 의료 지원 프로그램에는 여러 가지가 있습니다. 다음은 그 목록입니다:

1. **희귀질환 진단 지원**: 유전자 분석 및 검체 운송비를 포함하여 희귀질환에 대한 의료 지원이 이루어집니다.
2. **의료급여**: 65세 이상의 어르신들을 위한 틀니와 치과 임플란트 지원 프로그램이 있습니다.
3. **임산부 및 영유아 지원**: 영양플러스 프로그램을 통해 보충식품을 제공하며, 보건소에서 서비스가 이루어집니다.
4. **장애인 및 노인 지원**: 보조기기 및 상담 서비스를 제공하여 생활의 질을 향상시키는 프로그램이 있습니다.
5. **실명 예방 프로그램**: 저소득층 노인을 대상으로 안검진과 수술비 지원이 이루어집니다.
6. **한센인 지원**: 소록도병원에서 의료 서비스와 일상용품을 지원합니다.
7. **금연 클리닉**: 금연을 위한 상담 및 서비스가 제공됩니다.
8. **치매 지원**: 안심센터를 통해 상담 및 검진 서비스가 제공됩니다.
9. **아동복지 지원**: 아동복지시설에서 아동치료, 재활 지원, 심리검사 및 상담 치료를 제공합니다.
10. **마약류 중독 치료**: 중독 치료와 보호를 위한 지원 프로그램이 있습니다.

이와 같은 다양한 프로그램들이 건강과 의료 지원을 위해 운영되고 있습니다. 필요에 따라 적절한 프로그램을 찾아 도움을 받으시기 바랍니다.","건강과 의료 지원 프로그램에는 여러 가지가 있습니다. 다음은 그 목록입니다: 희귀질환 진단 지원: 유전자 분석 및 검체 운송비를 포함하여 희귀질환에 대한 의료 지원이 이루어집니다. 의료급여: 65세 이상의 어르신들을 위한 틀니와 치과 임플란트 지원 프로그램이 있습니다. 임산부 및 영유아 지원: 영양플러스 프로그램을 통해 보충식품을 제공하며, 보건소에서 서비스가 이루어집니다. 장애인 및 노인 지원: 보조기기 및 상담 서비스를 제공하여 생활의 질을 향상시키는 프로그램이 있습니다. 실명 예방 프로그램: 저소득층 노인을 대상으로 안검진과 수술비 지원이 이루어집니다. 한센인 지원: 소록도병원에서 의료 서비스와 일상용품을 지원합니다. 금연 클리닉: 금연을 위한 상담 및 서비스가 제공됩니다. 치매 지원: 안심센터를 통해 상담 및 검진 서비스가 제공됩니다. 아동복지 지원: 아동복지시설에서 아동치료, 재활 지원, 심리검사 및 상담 치료를 제공합니다. 마약류 중독 치료: 중독 치료와 보호를 위한 지원 프로그램이 있습니다. 이와 같은 다양한 프로그램들이 건강과 의료 지원을 위해 운영되고 있습니다. 필요에 따라 적절한 프로그램을 찾아 도움을 받으시기 바랍니다.","건강, 의료, 지원 프로그램, 희귀질환, 임산부 및 영유아, 장애인 및 노인"
내가 받을 수 있는 지원 혜택이 무엇인지 추천해 주세요.,"SELECT benefit_summary, benefit_details, keywords FROM benefits WHERE (min_age <= 0 AND max_age >= 0) LIMIT 15;","당신이 받을 수 있는 지원 혜택은 다음과 같습니다:

1. **합작수산물 관세 감면**: 수입 수산물에 대한 관세를 감면 받을 수 있습니다.
   
2. **원양어업 경영자금 지원**: 원양어업에 종사하는 어업인을 위한 경영자금 지원이 가능하며, 융자 형태로 제공됩니다.

3. **해양사고 관련 법률 지원**: 해양사고 발생 시 법률 지원을 받을 수 있으며, 국선변론인 서비스도 포함되어 있습니다.

4. **고가의 수산장비 구입 비용 지원**: 수산장비를 구입할 때, 융자 형태로 지원을 받을 수 있습니다.

5. **귀어 창업 및 주택구입 지원(융자)**: 귀어 후 창업이나 주택 구입을 지원하는 프로그램입니다.

6. **원양어선의 안전성 확보와 어선원 복지 증진**: 원양어선의 안전 관리와 어선원 복지를 위해 현금 지원이 가능합니다.

7. **국제옵서버를 승선시킨 원양선사에 승선경비 및 활동 지원**: 국제 옵서버를 승선시키는 원양선사에 대한 지원도 제공됩니다.

8. **친환경 에너지 절감 장비 보급**: 어업인 대상으로 에너지 절감 장비를 보급하고 현금 지원을 제공합니다.

9. **주택도시기금 주거안정 월세대출 요건 충족 시 월세자금보증 지원**: 월세 자금보증을 통해 주거안정을 도와줄 수 있습니다.

10. **산지 및 소비지 유통자금 융자 지원**: 수산물의 산지 유통과 소비지에 대한 융자 지원이 가능합니다.

이와 같은 다양한 지원 프로그램이 있으니, 해당되는 사항에 대해 자세히 알아보시고 신청하시기 바랍니다!","당신이 받을 수 있는 지원 혜택은 다음과 같습니다: 합작수산물 관세 감면: 수입 수산물에 대한 관세를 감면 받을 수 있습니다. 원양어업 경영자금 지원: 원양어업에 종사하는 어업인을 위한 경영자금 지원이 가능하며, 융자 형태로 제공됩니다. 해양사고 관련 법률 지원: 해양사고 발생 시 법률 지원을 받을 수 있으며, 국선변론인 서비스도 포함되어 있습니다. 고가의 수산장비 구입 비용 지원: 수산장비를 구입할 때, 융자 형태로 지원을 받을 수 있습니다. 귀어 창업 및 주택구입 지원(융자): 귀어 후 창업이나 주택 구입을 지원하는 프로그램입니다. 원양어선의 안전성 확보와 어선원 복지 증진: 원양어선의 안전 관리와 어선원 복지를 위해 현금 지원이 가능합니다. 국제옵서버를 승선시킨 원양선사에 승선경비 및 활동 지원: 국제 옵서버를 승선시키는 원양선사에 대한 지원도 제공됩니다. 친환경 에너지 절감 장비 보급: 어업인 대상으로 에너지 절감 장비를 보급하고 현금 지원을 제공합니다. 주택도시기금 주거안정 월세대출 요건 충족 시 월세자금보증 지원: 월세 자금보증을 통해 주거안정을 도와줄 수 있습니다. 산지 및 소비지 유통자금 융자 지원: 수산물의 산지 유통과 소비지에 대한 융자 지원이 가능합니다. 이와 같은 다양한 지원 프로그램이 있으니, 해당되는 사항에 대해 자세히 알아보시고 신청하시기 바랍니다!","지원 혜택, 합작수산물 관세 감면, 원양어업 경영자금 지원, 해양사고 관련 법률 지원, 수산장비 구입 비용 지원, 귀어 창업 및 주택구입 지원"
특정 조건 없이 누구나 받을 수 있는 지원금은 무엇인가요?,SELECT * FROM benefits WHERE min_age <= 0 AND max_age >= 0 AND (gender = '' OR gender = '') LIMIT 15;,"특정 조건 없이 누구나 받을 수 있는 지원금에는 '관세감면' 프로그램이 있습니다. 이 지원은 적법하게 채포한 수산물을 국내로 수입하는 개인이나 법인에게 관세를 감면해주는 혜택입니다. 신청은 온라인으로 가능하며, 수시로 진행됩니다. 

또한, 월세 자금 보증 프로그램도 있습니다. 이 프로그램은 주택도시기금 주거안정 월세대출 요건을 충족하는 대상자에게 월세 계약에 대해 월세금의 90%를 지원합니다. 신청은 현장 방문을 통해 가능하며, 주택금융공사와 연결되어 진행됩니다.

이와 같이 여러 가지 지원금을 통해 다양한 필요를 충족할 수 있습니다.","특정 조건 없이 누구나 받을 수 있는 지원금에는 '관세감면' 프로그램이 있습니다. 이 지원은 적법하게 채포한 수산물을 국내로 수입하는 개인이나 법인에게 관세를 감면해주는 혜택입니다. 신청은 온라인으로 가능하며, 수시로 진행됩니다. 또한, 월세 자금 보증 프로그램도 있습니다. 이 프로그램은 주택도시기금 주거안정 월세대출 요건을 충족하는 대상자에게 월세 계약에 대해 월세금의 90%를 지원합니다. 신청은 현장 방문을 통해 가능하며, 주택금융공사와 연결되어 진행됩니다. 이와 같이 여러 가지 지원금을 통해 다양한 필요를 충족할 수 있습니다.","지원금, 관세감면, 수산물, 월세 자금 보증 프로그램, 주거안정"
청소년을 대상으로 하는 프로그램은 어떤 것들이 있나요?,"SELECT benefit_summary, benefit_details, keywords FROM benefits WHERE min_age <= 19 AND max_age >= 13 LIMIT 15;","청소년을 대상으로 하는 프로그램으로는 현재 제공된 데이터베이스 조회 결과에는 특정하게 청소년을 대상으로 한 프로그램이 포함되어 있지 않습니다. 그러나 다양한 지원 프로그램이 어업인과 관련된 내용으로 구성되어 있으며, 이는 사회적 약자를 위한 법률 지원, 창업 및 주택 구입 지원, 에너지 절감 장비 보급 등으로 분류됩니다.

청소년을 위한 프로그램을 찾으신다면 지역 사회복지센터, 교육청 또는 청소년 센터에서 제공하는 다양한 프로그램을 확인해 보시는 것이 좋습니다. 또한 교육과 관련된 어업인 역량 강화 교육이나 안전조업 교육이 간접적으로 청소년에게 도움이 될 수 있는 부분이 있을지도 모릅니다. 추가적인 정보가 필요하시면 더 구체적인 프로그램을 찾아보도록 하겠습니다.","청소년을 대상으로 하는 프로그램으로는 현재 제공된 데이터베이스 조회 결과에는 특정하게 청소년을 대상으로 한 프로그램이 포함되어 있지 않습니다. 그러나 다양한 지원 프로그램이 어업인과 관련된 내용으로 구성되어 있으며, 이는 사회적 약자를 위한 법률 지원, 창업 및 주택 구입 지원, 에너지 절감 장비 보급 등으로 분류됩니다. 청소년을 위한 프로그램을 찾으신다면 지역 사회복지센터, 교육청 또는 청소년 센터에서 제공하는 다양한 프로그램을 확인해 보시는 것이 좋습니다. 또한 교육과 관련된 어업인 역량 강화 교육이나 안전조업 교육이 간접적으로 청소년에게 도움이 될 수 있는 부분이 있을지도 모릅니다. 추가적인 정보가 필요하시면 더 구체적인 프로그램을 찾아보도록 하겠습니다.","청소년, 프로그램, 지원, 사회적 약자, 교육"
한부모와 다자녀 가구가 받을 수 있는 혜택은 무엇인가요?,"SELECT benefit_summary, benefit_details, keywords FROM benefits WHERE household_category LIKE '%한부모%' AND household_category LIKE '%다자녀%' LIMIT 15;","한부모와 다자녀 가구가 받을 수 있는 혜택에는 여러 가지가 있습니다. 특히 아래와 같은 지원 프로그램이 있습니다:

1. **공공임대주택 지원**: 저소득층 및 취약계층을 위해 공공임대주택을 제공하여 주거 안정을 지원하는 프로그램이 있습니다.

2. **상하수도 요금 감면**: 한부모 가정에 대해서는 상하수도 요금을 감면하는 혜택이 마련되어 있습니다.

이 외에도 각 지역에 따라 특정 프로그램이나 지원이 있을 수 있으므로, 거주하는 지역의 복지센터나 관련 기관에 문의하시면 보다 구체적인 정보를 얻을 수 있습니다.","한부모와 다자녀 가구가 받을 수 있는 혜택에는 여러 가지가 있습니다. 특히 아래와 같은 지원 프로그램이 있습니다: 공공임대주택 지원: 저소득층 및 취약계층을 위해 공공임대주택을 제공하여 주거 안정을 지원하는 프로그램이 있습니다. 상하수도 요금 감면: 한부모 가정에 대해서는 상하수도 요금을 감면하는 혜택이 마련되어 있습니다. 이 외에도 각 지역에 따라 특정 프로그램이나 지원이 있을 수 있으므로, 거주하는 지역의 복지센터나 관련 기관에 문의하시면 보다 구체적인 정보를 얻을 수 있습니다.","한부모와 다자녀, 혜택, 공공임대주택, 상하수도 요금 감면, 복지센터"
서구 57세 여자 이용권 혜택 이 있어요?,"SELECT benefit_summary, benefit_details, keywords FROM benefits WHERE district LIKE '%서구%' AND min_age <= 57 AND max_age >= 57 AND (gender = '여자' OR gender = '') AND support_type LIKE '%이용권%' LIMIT 15;","서구에 거주하는 57세 여성을 위한 특정한 이용권 혜택에 대한 정보는 확인되지 않았습니다. 그러나 장애인 평생교육 이용권과 여성 농업인 대상의 행복바우처와 같은 지원 프로그램이 존재합니다. 만약 장애인이나 여성 농업인에 해당하신다면, 관련 혜택을 검토해 보실 수 있을 것입니다. 추가적인 정보가 필요하시다면, 구체적인 조건을 알려주시면 더 도와드릴 수 있습니다.","서구에 거주하는 57세 여성을 위한 특정한 이용권 혜택에 대한 정보는 확인되지 않았습니다. 그러나 장애인 평생교육 이용권과 여성 농업인 대상의 행복바우처와 같은 지원 프로그램이 존재합니다. 만약 장애인이나 여성 농업인에 해당하신다면, 관련 혜택을 검토해 보실 수 있을 것입니다. 추가적인 정보가 필요하시다면, 구체적인 조건을 알려주시면 더 도와드릴 수 있습니다.","서구, 여성, 이용권, 장애인, 농업인"
충청북도 남자 64세 다자녀가구 서비스 혜택 알 수 있을까요?,"SELECT benefit_summary, benefit_details, keywords FROM benefits WHERE area LIKE '%충청북도%' AND (gender = '남자' OR gender = '') AND min_age <= 64 AND max_age >= 64 AND household_category LIKE '%다자녀가구%' LIMIT 15;","충청북도에 거주하는 64세 남성이 다자녀가구일 경우, 이용할 수 있는 서비스 혜택 중 하나는 '문화시설 이용요금 감면'입니다. 이는 초정행궁 등에서 제공되는 혜택으로, 문화시설 이용 시 요금이 감면됩니다. 추가적인 서비스나 혜택에 대한 정보가 필요하시면 관련 기관에 문의하시거나 웹사이트를 참고하시면 좋습니다.","충청북도에 거주하는 64세 남성이 다자녀가구일 경우, 이용할 수 있는 서비스 혜택 중 하나는 '문화시설 이용요금 감면'입니다. 이는 초정행궁 등에서 제공되는 혜택으로, 문화시설 이용 시 요금이 감면됩니다. 추가적인 서비스나 혜택에 대한 정보가 필요하시면 관련 기관에 문의하시거나 웹사이트를 참고하시면 좋습니다.","충청북도, 64세 남성, 다자녀가구, 문화시설 이용요금 감면, 혜택"
충청북도 남자 64세 다자녀가구 서비스 혜택 이 있나요?,"SELECT benefit_summary, benefit_details, keywords FROM benefits WHERE area LIKE '%충청북도%' AND (min_age <= 64 AND max_age >= 64) AND (gender = '남자' OR gender = '') AND household_category LIKE '%다자녀가구%' LIMIT 15;","충청북도에 거주하는 64세 남성 중 다자녀 가구인 경우, '문화시설 이용요금 감면' 서비스 혜택이 제공됩니다. 이와 관련된 혜택은 초정행궁을 포함한 문화시설에서 적용되며, 장애인 등록 여부에 따라 다소 차이가 있을 수 있습니다. 추가적인 정보나 신청 방법에 대해 궁금한 점이 있으시면 언제든지 문의해 주세요!","충청북도에 거주하는 64세 남성 중 다자녀 가구인 경우, '문화시설 이용요금 감면' 서비스 혜택이 제공됩니다. 이와 관련된 혜택은 초정행궁을 포함한 문화시설에서 적용되며, 장애인 등록 여부에 따라 다소 차이가 있을 수 있습니다. 추가적인 정보나 신청 방법에 대해 궁금한 점이 있으시면 언제든지 문의해 주세요!","충청북도, 64세 남성, 다자녀 가구, 문화시설 이용요금 감면, 초정행궁"
단양군 62세 여자 현금 혜택 검색해줘.,"SELECT benefit_summary, benefit_details, keywords FROM benefits WHERE district LIKE '%단양군%' AND min_age <= 62 AND max_age >= 62 AND (gender = '여자' OR gender = '') AND support_type LIKE '%현금%' LIMIT 15;","단양군에서 62세 여성을 위한 현금 혜택에 관련된 자료를 조회한 결과, 다음과 같은 지원 프로그램이 확인되었습니다:

1. **출산장려금 확대 지원**: 이 프로그램은 출산 가정을 대상으로 한 현금 지원이며, 산후 조리와 관련된 혜택을 포함하고 있습니다. 비록 직접적인 62세 여자 지원은 아니지만, 가족 구성원이나 자녀의 출산에 관한 지원이 가능한 점을 참고하실 수 있습니다.

그 외에도 귀농인 관련 프로그램이 주요하게 나왔으나, 이는 귀농인 및 농업 관련 지원에 초점을 맞춘 것이라 62세 여성에게 직접적인 현금 혜택과는 관련성이 낮을 것으로 보입니다.

더 궁금한 사항이 있으면 추가로 문의해 주세요!","단양군에서 62세 여성을 위한 현금 혜택에 관련된 자료를 조회한 결과, 다음과 같은 지원 프로그램이 확인되었습니다: 출산장려금 확대 지원: 이 프로그램은 출산 가정을 대상으로 한 현금 지원이며, 산후 조리와 관련된 혜택을 포함하고 있습니다. 비록 직접적인 62세 여자 지원은 아니지만, 가족 구성원이나 자녀의 출산에 관한 지원이 가능한 점을 참고하실 수 있습니다. 그 외에도 귀농인 관련 프로그램이 주요하게 나왔으나, 이는 귀농인 및 농업 관련 지원에 초점을 맞춘 것이라 62세 여성에게 직접적인 현금 혜택과는 관련성이 낮을 것으로 보입니다. 더 궁금한 사항이 있으면 추가로 문의해 주세요!","현금 혜택, 출산장려금, 산후 조리, 가정, 출산, 귀농인"
충청북도 여자 66세 다자녀가구 이용권 혜택 이 있나요?,"SELECT benefit_summary, benefit_details, keywords FROM benefits WHERE area LIKE '%충청북도%' AND (gender = '여자' OR gender = '') AND (min_age <= 66 AND max_age >= 66) AND household_category LIKE '%다자녀가구%' AND support_type LIKE '%이용권%' LIMIT 15;","충청북도에 거주하는 66세 여성에 대해 다자녀 가구 이용권 혜택으로는 '문화시설 이용요금 감면'이 제공됩니다. 이 혜택은 초정행궁을 포함한 여러 문화시설에서 적용되며, 장애인과 관련된 감면 조치도 있으니 참고하시기 바랍니다. 도움이 필요하시면 더 말씀해 주세요!","충청북도에 거주하는 66세 여성에 대해 다자녀 가구 이용권 혜택으로는 '문화시설 이용요금 감면'이 제공됩니다. 이 혜택은 초정행궁을 포함한 여러 문화시설에서 적용되며, 장애인과 관련된 감면 조치도 있으니 참고하시기 바랍니다. 도움이 필요하시면 더 말씀해 주세요!","충청북도, 66세 여성, 다자녀 가구, 문화시설 이용요금 감면, 초정행궁"
"충청북도 제천시에 사는 52살 여자, 해당사항 없음인데 받을 수 있는 생활안정 혜택 알려주세요.","SELECT benefit_summary, benefit_details, keywords FROM benefits WHERE area LIKE '%충청북도%' AND district LIKE '%제천시%' AND min_age <= 52 AND max_age >= 52 AND (gender = '여자' OR gender = '') AND benefit_category LIKE '%생활안정%' LIMIT 15;","충청북도 제천시에 거주하는 52세 여성으로서, 특별한 기준에 해당하지 않더라도 받을 수 있는 생활안정 혜택으로는 '국가보훈대상자에 대한 명예수당 및 사망위로금 지원'이 있습니다. 이 지원은 국가보훈과 관련되어 있으며, 도움이 필요하신 경우 제천시청이나 관련 기관에 문의하셔서 상세한 정보를 확인하시고 신청 절차를 알아보시는 것이 좋습니다.","충청북도 제천시에 거주하는 52세 여성으로서, 특별한 기준에 해당하지 않더라도 받을 수 있는 생활안정 혜택으로는 '국가보훈대상자에 대한 명예수당 및 사망위로금 지원'이 있습니다. 이 지원은 국가보훈과 관련되어 있으며, 도움이 필요하신 경우 제천시청이나 관련 기관에 문의하셔서 상세한 정보를 확인하시고 신청 절차를 알아보시는 것이 좋습니다.","충청북도, 제천시, 여성, 국가보훈대상자, 생활안정 혜택"
대구광역시 여자 37세 한부모가정/조손가정 서비스 혜택 알려주세요.,"SELECT benefit_summary, benefit_details, keywords FROM benefits WHERE area LIKE '%대구광역시%' AND (gender = '여자' OR gender = '') AND min_age <= 37 AND max_age >= 37 AND household_category LIKE '%한부모가정%' LIMIT 15;","대구광역시에 거주하는 37세 여자 한부모가정 또는 조손가정의 경우, 다음과 같은 서비스 혜택이 있습니다:

1. **저소득층 건강보험료 지원**: 저소득층을 대상으로 국민건강보험료 및 장기요양보험료가 지원됩니다. 이는 경제적 부담을 줄이는 데 도움이 될 수 있습니다.

2. **의료취약계층 보건의료 복지 사업**: 의료취약계층을 위한 건강상담 및 진료비 지원과 관련된 서비스가 제공되어, 필요한 의료 서비스를 받을 수 있도록 도와줍니다.

3. **생활 자립 지원 프로그램**: 취약계층을 위한 우선 임대를 통해 생활 자립을 지원하는 프로그램이 운영되고 있습니다. 이를 통해 안정적인 주거환경을 마련할 수 있습니다.

이 외에도 대구에서 제공하는 다양한 지원 프로그램이나 혜택이 있을 수 있으니, 구체적인 조건이나 추가적인 도움을 원하신다면 관할 행정 기관에 문의하여 더 많은 정보를 얻으시기 바랍니다.","대구광역시에 거주하는 37세 여자 한부모가정 또는 조손가정의 경우, 다음과 같은 서비스 혜택이 있습니다: 저소득층 건강보험료 지원: 저소득층을 대상으로 국민건강보험료 및 장기요양보험료가 지원됩니다. 이는 경제적 부담을 줄이는 데 도움이 될 수 있습니다. 의료취약계층 보건의료 복지 사업: 의료취약계층을 위한 건강상담 및 진료비 지원과 관련된 서비스가 제공되어, 필요한 의료 서비스를 받을 수 있도록 도와줍니다. 생활 자립 지원 프로그램: 취약계층을 위한 우선 임대를 통해 생활 자립을 지원하는 프로그램이 운영되고 있습니다. 이를 통해 안정적인 주거환경을 마련할 수 있습니다. 이 외에도 대구에서 제공하는 다양한 지원 프로그램이나 혜택이 있을 수 있으니, 구체적인 조건이나 추가적인 도움을 원하신다면 관할 행정 기관에 문의하여 더 많은 정보를 얻으시기 바랍니다.","대구광역시, 한부모가정, 조손가정, 저소득층, 건강보험료, 의료취약계층, 보건의료 복지, 생활 자립, 지원 프로그램, 대구, 지원 프로그램, 혜택, 행정 기관, 정보"
서구 43세 여자 서비스 혜택 알 수 있을까요?,"SELECT benefit_summary, benefit_details, keywords FROM benefits WHERE district LIKE '%서구%' AND min_age <= 43 AND max_age >= 43 AND (gender = '여자' OR gender = '') LIMIT 15;","서구에 거주하는 43세 여성에게 해당하는 서비스 혜택은 다음과 같습니다:

1. **장애인 평생교육 이용권 지원**: 장애인에게 제공되는 평생교육 이용권 지원 프로그램이 있습니다. 어머니와 자녀를 포함해 도움이 필요한 경우 연락해 보세요.

2. **둘째 이상 자녀 출산 가정에 대한 출산 지원금**: 둘째 아이나 셋째 아이를 출산하면 지원금을 받을 수 있는 혜택이 있습니다.

위의 혜택 외에도 다른 혜택을 더 알고 싶다면 서구청이나 주민센터에 문의해 보시는 것도 좋습니다. 필요하신 경우, 추가적인 정보가 필요하시면 말씀해 주세요!","서구에 거주하는 43세 여성에게 해당하는 서비스 혜택은 다음과 같습니다: 장애인 평생교육 이용권 지원: 장애인에게 제공되는 평생교육 이용권 지원 프로그램이 있습니다. 어머니와 자녀를 포함해 도움이 필요한 경우 연락해 보세요. 둘째 이상 자녀 출산 가정에 대한 출산 지원금: 둘째 아이나 셋째 아이를 출산하면 지원금을 받을 수 있는 혜택이 있습니다. 위의 혜택 외에도 다른 혜택을 더 알고 싶다면 서구청이나 주민센터에 문의해 보시는 것도 좋습니다. 필요하신 경우, 추가적인 정보가 필요하시면 말씀해 주세요!","서구 거주, 43세 여성, 서비스 혜택, 장애인 평생교육 이용권, 출산 지원금"
대전광역시 남자 58세 무주택세대 이용권 혜택 가르쳐주세요,"SELECT benefit_summary, benefit_details, keywords FROM benefits WHERE area LIKE '%대전광역시%' AND min_age <= 58 AND max_age >= 58 AND (gender = '남자' OR gender = '') AND support_type LIKE '%이용권%' LIMIT 15;","대전광역시에서 58세 남성으로 무주택세대인 경우 받을 수 있는 혜택 중 하나는 '장애인 평생교육 이용권 지원'입니다. 이 지원은 장애인을 대상으로 하며, 평생교육 프로그램을 이용할 수 있도록 도와주는 혜택입니다. 대전유성구에 거주하신다면 더욱 구체적인 지원 내용이나 조건을 확인하실 수 있을 것입니다. 추가적으로 필요한 정보를 알고 싶으시면 자세한 상담을 권장합니다.","대전광역시에서 58세 남성으로 무주택세대인 경우 받을 수 있는 혜택 중 하나는 '장애인 평생교육 이용권 지원'입니다. 이 지원은 장애인을 대상으로 하며, 평생교육 프로그램을 이용할 수 있도록 도와주는 혜택입니다. 대전유성구에 거주하신다면 더욱 구체적인 지원 내용이나 조건을 확인하실 수 있을 것입니다. 추가적으로 필요한 정보를 알고 싶으시면 자세한 상담을 권장합니다.","장애인, 평생교육, 대전광역시, 혜택, 지원"
대전광역시 남자 58세 무주택세대 이용권 혜택 찾아줘.,"SELECT benefit_summary, benefit_details, keywords FROM benefits WHERE area LIKE '%대전광역시%' AND min_age <= 58 AND max_age >= 58 AND (gender = '남자' OR gender = '') AND support_type LIKE '%이용권%' LIMIT 15;","대전광역시에서 58세 남성에게 제공되는 무주택세대 이용권 혜택으로는 '장애인 평생교육 이용권 지원'이 있습니다. 이 혜택은 대전 유성구에서 제공되며, 장애인을 위한 평생교육 프로그램에 대한 지원을 포함합니다. 추가적인 정보가 필요하시거나 다른 혜택을 찾고 계시다면 말씀해 주세요!","대전광역시에서 58세 남성에게 제공되는 무주택세대 이용권 혜택으로는 '장애인 평생교육 이용권 지원'이 있습니다. 이 혜택은 대전 유성구에서 제공되며, 장애인을 위한 평생교육 프로그램에 대한 지원을 포함합니다. 추가적인 정보가 필요하시거나 다른 혜택을 찾고 계시다면 말씀해 주세요!","대전광역시, 58세 남성, 무주택세대 이용권, 장애인 평생교육 이용권, 유성구"
서구 67세 여자 이용권 혜택 찾고 싶어요.,"SELECT benefit_summary, benefit_details, keywords FROM benefits WHERE district LIKE '%서구%' AND min_age <= 67 AND max_age >= 67 AND (gender = '여자' OR gender = '') AND support_type LIKE '%이용권%' LIMIT 15;","서구에 거주하는 67세 여자분을 위한 이용권 혜택으로는 ""여성 농업인에게 건강, 문화, 보건 등에 사용할 수 있는 바우처 지원""이 있습니다. 이 혜택은 여성농업인을 위한 것으로, 행복바우처를 통해 지원받을 수 있습니다. 더불어, 장애인 관련 혜택으로 ""장애인 평생교육 이용권 지원""도 있으나, 이는 장애인 대상이므로 해당하지 않을 수 있습니다. 추가로 문의하시거나 더 자세한 정보가 필요하시면 지역 관련 기관에 문의해보시길 권장드립니다.","서구에 거주하는 67세 여자분을 위한 이용권 혜택으로는 ""여성 농업인에게 건강, 문화, 보건 등에 사용할 수 있는 바우처 지원""이 있습니다. 이 혜택은 여성농업인을 위한 것으로, 행복바우처를 통해 지원받을 수 있습니다. 더불어, 장애인 관련 혜택으로 ""장애인 평생교육 이용권 지원""도 있으나, 이는 장애인 대상이므로 해당하지 않을 수 있습니다. 추가로 문의하시거나 더 자세한 정보가 필요하시면 지역 관련 기관에 문의해보시길 권장드립니다.","여성농업인, 바우처, 장애인, 평생교육, 혜택"
나주시 45세 여자 서비스 혜택 알고 싶어요.,"SELECT benefit_summary, benefit_details, keywords FROM benefits WHERE area LIKE '%나주시%' AND min_age <= 45 AND max_age >= 45 AND (gender = '여자' OR gender = '') LIMIT 15;","나주시에 거주하는 45세 여성분을 위한 서비스 혜택으로는 '나주시 시민안전보험'이 있습니다. 이 보험은 시민의 안전을 위한 제도로, 다양한 사고나 재난 발생 시 피해를 보상하는 내용을 포함하고 있습니다. 시민안전보험은 시민의 안전을 중시하는 좋은 제도이니, 관심을 가져보시면 좋겠습니다. 더 궁금한 사항이 있다면 언제든지 문의해 주세요!","나주시에 거주하는 45세 여성분을 위한 서비스 혜택으로는 '나주시 시민안전보험'이 있습니다. 이 보험은 시민의 안전을 위한 제도로, 다양한 사고나 재난 발생 시 피해를 보상하는 내용을 포함하고 있습니다. 시민안전보험은 시민의 안전을 중시하는 좋은 제도이니, 관심을 가져보시면 좋겠습니다. 더 궁금한 사항이 있다면 언제든지 문의해 주세요!","나주시, 45세 여성분, 서비스 혜택, 나주시 시민안전보험, 시민의 안전, 보상, 제도, 사고, 재난, 관심, 문의"
강원특별자치도 여자 23세 신규전입가구 이용권 혜택 뭐가 있나요?,"SELECT benefit_summary, benefit_details, keywords FROM benefits WHERE area LIKE '%강원특별자치도%' AND min_age <= 23 AND max_age >= 23 AND (gender = '여자' OR gender = '') AND household_category LIKE '%신규전입가구%' AND support_type LIKE '%이용권%' LIMIT 15;","강원특별자치도에서 23세 여성이 신규 전입한 가구에 대해 제공되는 혜택으로는 '전입세대 지원'이 있습니다. 이 지원은 정선군에서 제공되며, 상품권이나 관광지 이용을 포함한 혜택이 포함되어 있습니다. 추가적인 정보는 해당 지역의 안내를 참고하시기 바랍니다.","강원특별자치도에서 23세 여성이 신규 전입한 가구에 대해 제공되는 혜택으로는 '전입세대 지원'이 있습니다. 이 지원은 정선군에서 제공되며, 상품권이나 관광지 이용을 포함한 혜택이 포함되어 있습니다. 추가적인 정보는 해당 지역의 안내를 참고하시기 바랍니다.","강원특별자치도, 23세 여성, 신규 전입, 전입세대 지원, 정선군, 혜택, 상품권, 관광지 이용, 안내"
증평군 24세 남자 서비스 혜택 을 알려줘,"SELECT benefit_summary, benefit_details, keywords FROM benefits WHERE district LIKE '%증평군%' AND min_age <= 24 AND max_age >= 24 AND (gender = '남자' OR gender = '') LIMIT 15;","증평군에 거주하는 24세 남성을 위한 서비스 혜택으로는 다음과 같은 내용이 있습니다:

1. **과수 노력절감 생산 장비 지원**: 농업인으로서 과수 재배에 필요한 생산 장비를 지원받을 수 있는 혜택이 있습니다. 이는 농업의 생산성을 높이고 효율적인 작업을 돕는 지원 프로그램입니다.

2. **참전유공자의 국가 안보에 대한 예우**: 만약 해당 대상자가 참전유공자라면, 명예수당과 생활안정을 위한 다양한 지원을 받을 수 있습니다.

3. **소상공인 육성(지원) 자금**: 만약 해당 유권자가 소상공인을 운영하고 있다면, 소상공인 육성 자금을 통해 이차보전 및 대출 이자 지원 등의 혜택을 이용할 수 있습니다.

이 외에도 다른 서비스나 프로그램이 있을 수 있으니, 관련 기관에 문의하여 더 자세한 정보를 확인하는 것이 좋습니다.","증평군에 거주하는 24세 남성을 위한 서비스 혜택으로는 다음과 같은 내용이 있습니다: 과수 노력절감 생산 장비 지원: 농업인으로서 과수 재배에 필요한 생산 장비를 지원받을 수 있는 혜택이 있습니다. 이는 농업의 생산성을 높이고 효율적인 작업을 돕는 지원 프로그램입니다. 참전유공자의 국가 안보에 대한 예우: 만약 해당 대상자가 참전유공자라면, 명예수당과 생활안정을 위한 다양한 지원을 받을 수 있습니다. 소상공인 육성(지원) 자금: 만약 해당 유권자가 소상공인을 운영하고 있다면, 소상공인 육성 자금을 통해 이차보전 및 대출 이자 지원 등의 혜택을 이용할 수 있습니다. 이 외에도 다른 서비스나 프로그램이 있을 수 있으니, 관련 기관에 문의하여 더 자세한 정보를 확인하는 것이 좋습니다.","농업인, 과수 재배, 생산 장비, 참전유공자, 소상공인"
대구광역시 남자 67세 무주택세대 이용권 혜택 찾고 싶어요.,"SELECT benefit_summary, benefit_details, keywords FROM benefits WHERE area LIKE '%대구광역시%' AND min_age <= 67 AND max_age >= 67 AND (gender = '남자' OR gender = '') AND support_type LIKE '%이용권%' LIMIT 15;","대구광역시에서 남자 67세 무주택세대에 해당하는 분에게 적합한 혜택을 찾기는 어려운 상황입니다. 조회된 결과에는 장애인을 위한 다양한 지원 서비스와 이용권 정보가 포함되어 있지만, 무주택세대와 직접적으로 관련된 혜택은 나타나지 않았습니다. 

혹시 다른 종류의 지원이나 혜택에 대한 정보가 필요하시면 알려주세요. 추가적으로 필요한 사항이나 조건이 있으시면 말씀해 주시면 더욱 맞춤형으로 도와드릴 수 있습니다.","대구광역시에서 남자 67세 무주택세대에 해당하는 분에게 적합한 혜택을 찾기는 어려운 상황입니다. 조회된 결과에는 장애인을 위한 다양한 지원 서비스와 이용권 정보가 포함되어 있지만, 무주택세대와 직접적으로 관련된 혜택은 나타나지 않았습니다. 혹시 다른 종류의 지원이나 혜택에 대한 정보가 필요하시면 알려주세요. 추가적으로 필요한 사항이나 조건이 있으시면 말씀해 주시면 더욱 맞춤형으로 도와드릴 수 있습니다.","대구광역시, 남자 67세, 무주택세대, 혜택, 지원 서비스, 이용권, 장애인, 정보, 종류, 조건, 맞춤형"
"대구광역시 달서구에 사는 67살 남자, 구직자/실업자인데 받을 수 있는 보호-돌봄 혜택 알려주세요.","SELECT benefit_summary, benefit_details, keywords FROM benefits WHERE area LIKE '%대구광역시%' AND district LIKE '%달서구%' AND min_age <= 67 AND max_age >= 67 AND (gender = '남자' OR gender = '') AND personal_category LIKE '%구직자%' LIMIT 15;","대구광역시 달서구에 사는 67세 남성 구직자이신 경우, 저소득 미취업자로서 받을 수 있는 보호-돌봄 혜택은 ""저소득 미취업자에게 일자리 제공 및 지원"" 프로그램입니다. 이 프로그램에서는 공공근로와 관련된 일자리 지원을 통해, 필요한 도움을 받을 수 있습니다. 추가적인 정보나 지원 신청 방법에 대해서는 지역 복지센터나 관련 기관에 문의하시기 바랍니다.","대구광역시 달서구에 사는 67세 남성 구직자이신 경우, 저소득 미취업자로서 받을 수 있는 보호-돌봄 혜택은 ""저소득 미취업자에게 일자리 제공 및 지원"" 프로그램입니다. 이 프로그램에서는 공공근로와 관련된 일자리 지원을 통해, 필요한 도움을 받을 수 있습니다. 추가적인 정보나 지원 신청 방법에 대해서는 지역 복지센터나 관련 기관에 문의하시기 바랍니다.","대구광역시, 달서구, 67세, 구직자, 보호-돌봄 혜택, 미취업자, 일자리 제공, 공공근로, 도움, 복지센터"
중구 31세 여자 현물 혜택 알고 싶어요.,"SELECT benefit_summary, benefit_details, keywords FROM benefits WHERE district LIKE '%중구%' AND min_age <= 31 AND max_age >= 31 AND (gender = '여자' OR gender = '') AND support_type LIKE '%현물%' LIMIT 15;","중구에 거주하는 31세 여자분에게 제공되는 현물 혜택으로는 다음과 같은 두 가지가 있습니다:

1. **임신부에게 임신축하금 및 건강관리 물품 지원**: 이 혜택은 임신한 여성에게 임신축하금과 함께 다양한 건강관리 물품이 지원됩니다.

2. **출산가정 유축기 대여 지원**: 출산가정을 위해 유축기를 무료로 대여해주는 서비스입니다.

해당 혜택들은 임신 및 출산 관련 지원으로, 추가적인 정보가 필요하시면 중구청이나 해당 기관에 문의하시는 것을 추천드립니다.","중구에 거주하는 31세 여자분에게 제공되는 현물 혜택으로는 다음과 같은 두 가지가 있습니다: 임신부에게 임신축하금 및 건강관리 물품 지원: 이 혜택은 임신한 여성에게 임신축하금과 함께 다양한 건강관리 물품이 지원됩니다. 출산가정 유축기 대여 지원: 출산가정을 위해 유축기를 무료로 대여해주는 서비스입니다. 해당 혜택들은 임신 및 출산 관련 지원으로, 추가적인 정보가 필요하시면 중구청이나 해당 기관에 문의하시는 것을 추천드립니다.","중구, 거주하는, 31세 여자분, 현물 혜택, 임신부, 임신축하금, 건강관리 물품, 출산가정, 유축기, 대여 지원, 임신, 출산, 지원, 중구청, 기관, 문의"
경상북도 남자 40세 해당사항 없음 이용권 혜택 찾고 싶어요.,"SELECT benefit_summary, benefit_details, keywords FROM benefits WHERE area LIKE '%경상북도%' AND min_age <= 40 AND max_age >= 40 AND (gender = '남자' OR gender = '') AND support_type LIKE '%이용권%' LIMIT 15;","경상북도에서 남자 40세에 해당하는 이용권 혜택으로는 다음과 같은 프로그램이 있습니다:

1. **지역경제 활성화를 위한 지역화폐 지원**: 지역화폐와 관련된 혜택으로, 영주사랑상품권을 통해 할인과 소득공제를 받을 수 있습니다.

2. **장애인 활동 지원 서비스**: 장애인을 위한 활동 보조 서비스가 제공되며, 경상북도 내에서 사용 가능한 이용권이 지원됩니다.

3. **안동레이크골프장 입장요금 할인**: 경북도민을 위한 골프장 이용 시 할인 혜택이 제공됩니다.

이 외에도 구체적인 조건이나 추가 정보가 필요하다면 지역주민센터나 관련 기관에 문의하는 것이 좋습니다.","경상북도에서 남자 40세에 해당하는 이용권 혜택으로는 다음과 같은 프로그램이 있습니다: 지역경제 활성화를 위한 지역화폐 지원: 지역화폐와 관련된 혜택으로, 영주사랑상품권을 통해 할인과 소득공제를 받을 수 있습니다. 장애인 활동 지원 서비스: 장애인을 위한 활동 보조 서비스가 제공되며, 경상북도 내에서 사용 가능한 이용권이 지원됩니다. 안동레이크골프장 입장요금 할인: 경북도민을 위한 골프장 이용 시 할인 혜택이 제공됩니다. 이 외에도 구체적인 조건이나 추가 정보가 필요하다면 지역주민센터나 관련 기관에 문의하는 것이 좋습니다.","경상북도, 이용권, 혜택, 지역경제 활성화, 지역화폐, 영주사랑상품권, 장애인 활동 지원 서비스, 안동레이크골프장, 할인, 지역주민센터"
소득이 0 ~ 50%인 동구 거주 55살 남자 해당사항 없음예요. 어떤 고용-창업 지원이 있는지 을 알려줘,"SELECT benefit_summary, benefit_details, keywords FROM benefits WHERE district LIKE '%동구%' AND min_age <= 55 AND max_age >= 55 AND (gender = '남자' OR gender = '') AND income_category LIKE '%0 ~ 50%' LIMIT 15;","동구에 거주하는 55세 남성으로 소득이 0~50%인 경우, 다음과 같은 고용 및 창업 지원 프로그램이 있을 수 있습니다:

1. **저소득층에 생계비, 의료비, 임대보증금 등 맞춤 지원**: 이 지원은 저소득층을 대상으로 하며, 생계비와 의료비, 주거 관련 비용 등을 지원해 드립니다.

2. **저소득 미취업자에게 일자리 제공 및 지원**: 공공근로를 통해 일자리를 제공받을 수 있으며, 이는 저소득의 미취업자를 위한 지원입니다.

3. **법정지원을 받지 못하는 저소득 세대에 생계, 해산, 장제 급여 지원**: 법정 지원의 혜택을받지 못하는 경우에도 생계, 해산, 장제 급여와 같은 도움이 제공됩니다.

4. **위기가정에 생계 및 주거급여, 의료비 지원**: 복지 사각지대에 있는 위기가정에 대해 생계 급여, 주거 급여, 의료비를 지원하여 안정적인 생활을 할 수 있도록 도와줍니다.

이와 같은 다양한 지원 프로그램을 통해 필요한 도움을 받으실 수 있으니, 해당 지원을 상세히 확인하시고 신청하시기 바랍니다.","동구에 거주하는 55세 남성으로 소득이 0~50%인 경우, 다음과 같은 고용 및 창업 지원 프로그램이 있을 수 있습니다: 저소득층에 생계비, 의료비, 임대보증금 등 맞춤 지원: 이 지원은 저소득층을 대상으로 하며, 생계비와 의료비, 주거 관련 비용 등을 지원해 드립니다. 저소득 미취업자에게 일자리 제공 및 지원: 공공근로를 통해 일자리를 제공받을 수 있으며, 이는 저소득의 미취업자를 위한 지원입니다. 법정지원을 받지 못하는 저소득 세대에 생계, 해산, 장제 급여 지원: 법정 지원의 혜택을받지 못하는 경우에도 생계, 해산, 장제 급여와 같은 도움이 제공됩니다. 위기가정에 생계 및 주거급여, 의료비 지원: 복지 사각지대에 있는 위기가정에 대해 생계 급여, 주거 급여, 의료비를 지원하여 안정적인 생활을 할 수 있도록 도와줍니다. 이와 같은 다양한 지원 프로그램을 통해 필요한 도움을 받으실 수 있으니, 해당 지원을 상세히 확인하시고 신청하시기 바랍니다.","고용, 창업, 지원 프로그램, 저소득층, 일자리"
경기도 성남시에 거주하는 29세 남자이며 예비부부/난임인 사람에게 적합한 지원을 혜택은?,"SELECT benefit_summary, benefit_details, keywords FROM benefits WHERE area LIKE '%경기도%' AND district LIKE '%성남시%' AND min_age <= 29 AND max_age >= 29 AND (gender = '남자' OR gender = '') AND personal_category LIKE '%예비부부%' OR personal_category LIKE '%난임%' LIMIT 15;","경기도 성남시에 거주하는 29세 남성으로 예비부부이거나 난임인 경우, 당신에게 적합한 지원 혜택은 다음과 같습니다.

1. **난임 부부 시술 약제비 지원**: 난임 관련 시술에 필요한 약제비를 지원받을 수 있습니다. 이는 난임 치료 과정에서 발생하는 비용을 경감해 줄 수 있습니다.

이외에도 주로 여성이나 중장년층을 대상으로 하는 창업 관련 지원 프로그램들이 있지만, 현재 쿼리 조건에 맞는 후보자는 없습니다.

따라서, 가장 적합한 지원은 난임 부부 시술 약제비 지원이다 라고 말씀드릴 수 있습니다. 추가적인 정보나 의문사항이 있으면 언제든지 문의해 주세요!","경기도 성남시에 거주하는 29세 남성으로 예비부부이거나 난임인 경우, 당신에게 적합한 지원 혜택은 다음과 같습니다. 난임 부부 시술 약제비 지원: 난임 관련 시술에 필요한 약제비를 지원받을 수 있습니다. 이는 난임 치료 과정에서 발생하는 비용을 경감해 줄 수 있습니다. 이외에도 주로 여성이나 중장년층을 대상으로 하는 창업 관련 지원 프로그램들이 있지만, 현재 쿼리 조건에 맞는 후보자는 없습니다. 따라서, 가장 적합한 지원은 난임 부부 시술 약제비 지원이다 라고 말씀드릴 수 있습니다. 추가적인 정보나 의문사항이 있으면 언제든지 문의해 주세요!","성남시, 난임, 부부, 시술, 약제비"
성남시 68세 남자 현금 혜택 검색해줘.,"SELECT benefit_summary, benefit_details, keywords FROM benefits WHERE area LIKE '%성남시%' AND min_age <= 68 AND max_age >= 68 AND (gender = '남자' OR gender = '') AND support_type LIKE '%현금%' LIMIT 15;","성남시에서 68세 남성이 받을 수 있는 현금 혜택으로는 '저소득 노인가구에 건강보험료 및 장기요양보험료 지원'이 있습니다. 이 프로그램은 저소득 노인들에게 건강보험료와 장기요양보험료를 지원하는 내용으로, 자격 요건에 부합하는 경우 신청할 수 있습니다. 추가적인 정보나 신청 방법에 대해서는 성남시의 공식 웹사이트 또는 관련 부서에 문의하시면 됩니다.","성남시에서 68세 남성이 받을 수 있는 현금 혜택으로는 '저소득 노인가구에 건강보험료 및 장기요양보험료 지원'이 있습니다. 이 프로그램은 저소득 노인들에게 건강보험료와 장기요양보험료를 지원하는 내용으로, 자격 요건에 부합하는 경우 신청할 수 있습니다. 추가적인 정보나 신청 방법에 대해서는 성남시의 공식 웹사이트 또는 관련 부서에 문의하시면 됩니다.","성남시, 68세 남성, 현금 혜택, 저소득 노인가구, 건강보험료, 장기요양보험료, 프로그램, 자격 요건, 신청, 공식 웹사이트, 관련 부서, 추가적인 정보, 문의"
경기도 양주시에 거주하는 34세 여자이며 농업인인 사람에게 적합한 지원을 이 있어요?,"SELECT benefit_summary, benefit_details, keywords FROM benefits WHERE area LIKE '%경기도%' AND district LIKE '%양주%' AND min_age <= 34 AND max_age >= 34 AND (gender = '여자' OR gender = '') AND personal_category LIKE '%농업인%' LIMIT 15;","경기도 양주시에 거주하는 34세 여자 농업인에게 적합한 지원으로는 두 가지가 있습니다. 첫째, '젖소 개량 지원' 프로그램이 있으며, 이 프로그램은 젖소에 대한 개량 및 산유 검정 등을 포함한 지원입니다. 둘째, '농촌폐비닐 수거장려금 지원'이 있습니다. 이 지원은 경기도 내 농업인에게 농촌에서 발생하는 폐비닐을 수거하는 것에 대한 장려금을 제공합니다. 이러한 지원 프로그램을 통해 농업활동에 도움이 될 수 있을 것입니다.","경기도 양주시에 거주하는 34세 여자 농업인에게 적합한 지원으로는 두 가지가 있습니다. 첫째, '젖소 개량 지원' 프로그램이 있으며, 이 프로그램은 젖소에 대한 개량 및 산유 검정 등을 포함한 지원입니다. 둘째, '농촌폐비닐 수거장려금 지원'이 있습니다. 이 지원은 경기도 내 농업인에게 농촌에서 발생하는 폐비닐을 수거하는 것에 대한 장려금을 제공합니다. 이러한 지원 프로그램을 통해 농업활동에 도움이 될 수 있을 것입니다.","농업인, 양주시, 지원, 젖소 개량, 농촌폐비닐 수거장려금"
제주특별자치도 여자 27세 해당사항 없음 현물 혜택 을 알려줘,"SELECT benefit_summary, benefit_details, keywords FROM benefits WHERE area LIKE '%제주특별자치도%' AND min_age <= 27 AND max_age >= 27 AND (gender = '여자' OR gender = '') AND support_type LIKE '%현물%' LIMIT 15;","제주특별자치도에서 27세 여성을 위한 혜택으로 다음의 현물 지원 프로그램이 있습니다:

1. **전입청년을 위한 정착지원**: 이주 청년을 대상으로 다양한 정착 지원 물품 및 정보가 제공됩니다. 이 프로그램은 제주특별자치도에 새로 이사온 청년들에게 도움을 주기 위한 것입니다.

또한, 특정한 상황에 따라 도움이 될 수 있는 프로그램도 있습니다:

2. **고독사 위험군 1인 가구 대상 건강음료 배달 및 안부 확인**: 건강음료가 지원되며, 안부 확인 서비스도 제공됩니다.

이외에도 임산부를 위한 건강 관리 서비스, 서귀포시 주민에게 제공되는 불소양치약 무료 제공 등의 혜택도 있지만, 이는 현재 쿼리와 직접적으로 관련이 없음을 참고하시기 바랍니다.","제주특별자치도에서 27세 여성을 위한 혜택으로 다음의 현물 지원 프로그램이 있습니다: 전입청년을 위한 정착지원: 이주 청년을 대상으로 다양한 정착 지원 물품 및 정보가 제공됩니다. 이 프로그램은 제주특별자치도에 새로 이사온 청년들에게 도움을 주기 위한 것입니다. 또한, 특정한 상황에 따라 도움이 될 수 있는 프로그램도 있습니다: 고독사 위험군 1인 가구 대상 건강음료 배달 및 안부 확인: 건강음료가 지원되며, 안부 확인 서비스도 제공됩니다. 이외에도 임산부를 위한 건강 관리 서비스, 서귀포시 주민에게 제공되는 불소양치약 무료 제공 등의 혜택도 있지만, 이는 현재 쿼리와 직접적으로 관련이 없음을 참고하시기 바랍니다.","제주특별자치도, 27세 여성, 혜택, 현물 지원 프로그램, 전입청년, 정착지원, 이주 청년, 건강음료, 안부 확인, 임산부, 건강 관리 서비스, 불소양치약, 무료 제공"
충청남도 남자 33세 다자녀가구 서비스 혜택 찾아줘.,"SELECT benefit_summary, benefit_details, keywords FROM benefits WHERE area LIKE '%충청남도%' AND min_age <= 33 AND max_age >= 33 AND (gender = '남자' OR gender = '') AND household_category LIKE '%다자녀가구%' LIMIT 15;","충청남도에 거주하는 33세 남성의 경우, 다자녀가구와 관련된 서비스 혜택으로 ""사회적 취약계층 상수도 요금 감면""을 이용할 수 있습니다. 이 혜택은 사회적 취약계층을 위한 생활 안정 지원으로, 공주시에 거주하는 경우 적용됩니다. 추가적으로, 현재 조회된 정보에서는 다자녀가구에게 직접적으로 제공되는 다른 서비스 혜택은 확인되지 않았습니다. 필요시 지역 복지센터에 문의하여 더 많은 정보를 얻는 것도 좋습니다.","충청남도에 거주하는 33세 남성의 경우, 다자녀가구와 관련된 서비스 혜택으로 ""사회적 취약계층 상수도 요금 감면""을 이용할 수 있습니다. 이 혜택은 사회적 취약계층을 위한 생활 안정 지원으로, 공주시에 거주하는 경우 적용됩니다. 추가적으로, 현재 조회된 정보에서는 다자녀가구에게 직접적으로 제공되는 다른 서비스 혜택은 확인되지 않았습니다. 필요시 지역 복지센터에 문의하여 더 많은 정보를 얻는 것도 좋습니다.","충청남도, 다자녀가구, 사회적 취약계층, 상수도 요금 감면, 지역 복지센터"
경상남도 남자 68세 무주택세대 서비스 혜택 이 있나요?,"SELECT benefit_summary, benefit_details, keywords FROM benefits WHERE area LIKE '%경상남도%' AND min_age <= 68 AND max_age >= 68 AND (gender = '남자' OR gender = '') AND household_category LIKE '%무주택세대%' LIMIT 15;","경상남도에서 68세 남성으로 무주택 세대에 해당하시는 경우, '전세보증금 반환보증 보증료 지원'이라는 서비스 혜택이 있습니다. 이 혜택은 사천시에서 제공되며, 전세보증금이나 반환보증에 대한 지원을 포함하고 있습니다. 더 자세한 정보는 해당 지역의 관련 부서에 문의하시거나 공식 웹사이트를 확인해 보시는 것이 좋습니다.","경상남도에서 68세 남성으로 무주택 세대에 해당하시는 경우, '전세보증금 반환보증 보증료 지원'이라는 서비스 혜택이 있습니다. 이 혜택은 사천시에서 제공되며, 전세보증금이나 반환보증에 대한 지원을 포함하고 있습니다. 더 자세한 정보는 해당 지역의 관련 부서에 문의하시거나 공식 웹사이트를 확인해 보시는 것이 좋습니다.","경상남도, 68세 남성, 무주택 세대, 전세보증금 반환보증 보증료 지원, 사천시, 혜택"
강화군 61세 남자 서비스 혜택 검색해줘.,"SELECT benefit_summary, benefit_details, keywords FROM benefits WHERE district LIKE '%강화군%' AND min_age <= 61 AND max_age >= 61 AND (gender = '남자' OR gender = '') LIMIT 15;","강화군에 거주하는 61세 남성을 위한 서비스 혜택으로는 '도서지역 거주자에게 정주생활지원금'이 있습니다. 이 지원금은 주거자립을 위한 현금으로 지급되며, 도서지역에 거주하는 분들을 대상으로 하고 있습니다. 추가적인 정보가 필요하시면 말씀해 주세요!","강화군에 거주하는 61세 남성을 위한 서비스 혜택으로는 '도서지역 거주자에게 정주생활지원금'이 있습니다. 이 지원금은 주거자립을 위한 현금으로 지급되며, 도서지역에 거주하는 분들을 대상으로 하고 있습니다. 추가적인 정보가 필요하시면 말씀해 주세요!","강화군, 61세 남성, 서비스 혜택, 정주생활지원금, 도서지역 거주자"
옹진군 36세 여자 이용권 혜택 조회 부탁드립니다,"SELECT benefit_summary, benefit_details, keywords FROM benefits WHERE district LIKE '%옹진군%' AND min_age <= 36 AND max_age >= 36 AND (gender = '여자' OR gender = '') AND support_type LIKE '%이용권%' LIMIT 15;","옹진군에 거주하는 36세 여성의 경우, 여성농업인에게 제공되는 행복바우처 카드 지원 혜택이 있습니다. 이 카드로 보건복지 및 문화 관련 서비스 이용이 가능합니다. 추가적인 정보나 신청 방법에 대해 궁금한 점이 있으시면 알려주세요!","옹진군에 거주하는 36세 여성의 경우, 여성농업인에게 제공되는 행복바우처 카드 지원 혜택이 있습니다. 이 카드로 보건복지 및 문화 관련 서비스 이용이 가능합니다. 추가적인 정보나 신청 방법에 대해 궁금한 점이 있으시면 알려주세요!","옹진군, 여성농업인, 행복바우처, 보건복지, 신청 방법"
경상남도 여자 53세 해당사항 없음 현금 혜택 검색해주세요.,"SELECT benefit_summary, benefit_details, keywords FROM benefits WHERE area LIKE '%경상남도%' AND min_age <= 53 AND max_age >= 53 AND (gender = '여자' OR gender = '') AND support_type LIKE '%현금%' LIMIT 15;","경상남도에 거주하는 53세 여성에게 적합할 수 있는 혜택에는 다음과 같은 것들이 있습니다:

1. **비용 지원 관련**: 
   - ""수산물 수출 관련 개인 또는 단체에게 활어 무역 관련 특수컨테이너 제작 비용 지원"" - 수산업 관련 지원 프로그램입니다.

2. **산모 및 신생아 관련 지원**:
   - ""산모·신생아 건강관리 본인부담금 지원""과 ""산모신생아 건강관리 서비스 본인부담금 지원"" - 산모와 신생아의 건강 관리에 관련된 지원이며, 특히 산모와 관련된 프로그램이 많습니다.

3. **전세 보증금 관련 지원**:
   - ""전세보증금 반환보증 보증료 지원"" - 특정 조건을 갖춘 전세 계약자에게 보증료를 지원하는 프로그램입니다.

4. **저소득 주민 건강보험료 지원**:
   - ""저소득 주민 국민건강보험료 지원"" - 저소득층을 대상하여 건강보험료를 지원하는 프로그램입니다.

이 외에도 농업인에게 농기계 구입 비용 지원이나 전입 주민에 대한 전입지원금 지급 등의 지원이 있지만, 53세 여성과 직접적으로 관련이 있을지는 판단이 필요합니다. 각 프로그램의 세부 조건은 확인이 필요하니, 관심 있는 프로그램에 대해 추가 정보를 찾아보시는 것이 좋겠습니다.","경상남도에 거주하는 53세 여성에게 적합할 수 있는 혜택에는 다음과 같은 것들이 있습니다: 비용 지원 관련: - ""수산물 수출 관련 개인 또는 단체에게 활어 무역 관련 특수컨테이너 제작 비용 지원"" - 수산업 관련 지원 프로그램입니다. 산모 및 신생아 관련 지원: - ""산모·신생아 건강관리 본인부담금 지원""과 ""산모신생아 건강관리 서비스 본인부담금 지원"" - 산모와 신생아의 건강 관리에 관련된 지원이며, 특히 산모와 관련된 프로그램이 많습니다. 전세 보증금 관련 지원: - ""전세보증금 반환보증 보증료 지원"" - 특정 조건을 갖춘 전세 계약자에게 보증료를 지원하는 프로그램입니다. 저소득 주민 건강보험료 지원: - ""저소득 주민 국민건강보험료 지원"" - 저소득층을 대상하여 건강보험료를 지원하는 프로그램입니다. 이 외에도 농업인에게 농기계 구입 비용 지원이나 전입 주민에 대한 전입지원금 지급 등의 지원이 있지만, 53세 여성과 직접적으로 관련이 있을지는 판단이 필요합니다. 각 프로그램의 세부 조건은 확인이 필요하니, 관심 있는 프로그램에 대해 추가 정보를 찾아보시는 것이 좋겠습니다.","경상남도, 53세 여성, 혜택, 비용 지원, 산모 및 신생아 관련 지원, 전세 보증금 관련 지원, 저소득 주민 건강보험료 지원, 농업인, 농기계 구입, 전입지원금"
부안군 43세 남자 서비스 혜택 검색해줘.,"SELECT benefit_summary, benefit_details, keywords FROM benefits WHERE district LIKE '%부안군%' AND min_age <= 43 AND max_age >= 43 AND (gender = '남자' OR gender = '') LIMIT 15;","부안군에 거주하는 43세 남성에게 적합한 서비스 혜택은 다음과 같습니다:

1. **GAP 인증 농가 수수료 지원**: 이 프로그램은 GAP 인증을 받은 농가에 대한 수수료를 지원합니다. 유기농이나 친환경 농업에 관심이 있는 경우 유용할 수 있습니다.

2. **소규모 농산물 저온저장고 지원**: 농산물을 저온에서 저장할 수 있는 시설을 지원하는 프로그램입니다. 농업인이라면 농산물의 품질 유지에 도움이 될 것입니다.

3. **시설원예 재배농가에 시설원예용 규격비닐하우스 비닐구입비 지원**: 시설원예를 운영하는 농가를 위한 비닐하우스 비닐구입비를 지원합니다. 시설원예에 종사하는 경우 도움이 될 수 있습니다.

4. **참뽕 산업 자재 지원**: 참뽕 관련 농가를 위한 자재 지원입니다. 참뽕 농사를 계획 중이라면 유익할 것입니다.

5. **귀농인 주택수리 및 영농보조 지원**: 귀농인을 위한 주택 수리 및 영농 보조 지원 프로그램입니다. 귀농을 고려 중이신 경우 추천드립니다.

6. **환경 친화적인 세척제 지원**: 이 프로그램은 착유시설을 포함한 농가에 세척제 지원을 통해 환경오염 예방에 기여합니다.

이러한 여러 지원 프로그램들은 농업에 종사하거나 농업을 계획하고 있는 분들께 많은 도움이 될 것입니다. 필요한 정보에 대해 더 상담이 필요하시다면 부안군의 관련 부서에 문의해 보시기 바랍니다.",부안군에 거주하는 43세 남성에게 적합한 서비스 혜택은 다음과 같습니다: GAP 인증 농가 수수료 지원: 이 프로그램은 GAP 인증을 받은 농가에 대한 수수료를 지원합니다. 유기농이나 친환경 농업에 관심이 있는 경우 유용할 수 있습니다. 소규모 농산물 저온저장고 지원: 농산물을 저온에서 저장할 수 있는 시설을 지원하는 프로그램입니다. 농업인이라면 농산물의 품질 유지에 도움이 될 것입니다. 시설원예 재배농가에 시설원예용 규격비닐하우스 비닐구입비 지원: 시설원예를 운영하는 농가를 위한 비닐하우스 비닐구입비를 지원합니다. 시설원예에 종사하는 경우 도움이 될 수 있습니다. 참뽕 산업 자재 지원: 참뽕 관련 농가를 위한 자재 지원입니다. 참뽕 농사를 계획 중이라면 유익할 것입니다. 귀농인 주택수리 및 영농보조 지원: 귀농인을 위한 주택 수리 및 영농 보조 지원 프로그램입니다. 귀농을 고려 중이신 경우 추천드립니다. 환경 친화적인 세척제 지원: 이 프로그램은 착유시설을 포함한 농가에 세척제 지원을 통해 환경오염 예방에 기여합니다. 이러한 여러 지원 프로그램들은 농업에 종사하거나 농업을 계획하고 있는 분들께 많은 도움이 될 것입니다. 필요한 정보에 대해 더 상담이 필요하시다면 부안군의 관련 부서에 문의해 보시기 바랍니다.,"부안군, 서비스 혜택, GAP 인증, 농가 수수료 지원, 농산물 저온저장고, 시설원예용 규격비닐하우스, 참뽕 산업 자재, 귀농인 주택수리, 환경 친화적인 세척제"
"충청남도의 태안군에 살고 있는 59세 여자입니다. 장애인인데요, 현물 지원받을 수 있는 것 찾고 싶어요.","SELECT benefit_summary, benefit_details, keywords FROM benefits WHERE area LIKE '%충청남도%' AND district LIKE '%태안군%' AND min_age <= 59 AND max_age >= 59 AND (gender = '여자' OR gender = '') AND personal_category LIKE '%장애인%' AND support_type LIKE '%현물%' LIMIT 15;","충청남도 태안군에 거주하시는 59세 여성 장애인분께서는 '보장구 수리 지원' 프로그램을 통해 현물 지원을 받으실 수 있습니다. 이 지원은 장애인을 대상으로 하며, 보장구의 수리 비용을 지원해주는 프로그램입니다. 자세한 내용이나 신청 방법에 대해서는 지역 관할 기관에 문의하시거나 관련 웹사이트를 참고하시면 됩니다. 도움이 되시길 바랍니다!","충청남도 태안군에 거주하시는 59세 여성 장애인분께서는 '보장구 수리 지원' 프로그램을 통해 현물 지원을 받으실 수 있습니다. 이 지원은 장애인을 대상으로 하며, 보장구의 수리 비용을 지원해주는 프로그램입니다. 자세한 내용이나 신청 방법에 대해서는 지역 관할 기관에 문의하시거나 관련 웹사이트를 참고하시면 됩니다. 도움이 되시길 바랍니다!","충청남도, 태안군, 여성, 장애인, 보장구, 수리 지원, 현물, 프로그램, 지원, 수리 비용, 지역 기관, 신청 방법, 웹사이트, 도움"
"충청남도의 태안군에 살고 있는 59세 여자입니다. 장애인인데요, 현물 지원받을 수 있는 것 조회 부탁드립니다","SELECT benefit_summary, benefit_details, keywords FROM benefits WHERE area LIKE '%충청남도%' AND district LIKE '%태안군%' AND min_age <= 59 AND max_age >= 59 AND (gender = '여자' OR gender = '') AND personal_category LIKE '%장애인%' AND support_type LIKE '%현물%' LIMIT 15;","충청남도 태안군에 거주하는 59세 여성 장애인님께서는 '보장구 수리 지원'을 받을 수 있습니다. 이 지원은 장애인을 위한 것으로, 보장구에 대한 수리비용을 지원하는 프로그램입니다. 더 자세한 사항이나 신청 방법에 대해서는 지역 복지센터나 관련 기관에 문의하시면 도움이 될 것입니다.","충청남도 태안군에 거주하는 59세 여성 장애인님께서는 '보장구 수리 지원'을 받을 수 있습니다. 이 지원은 장애인을 위한 것으로, 보장구에 대한 수리비용을 지원하는 프로그램입니다. 더 자세한 사항이나 신청 방법에 대해서는 지역 복지센터나 관련 기관에 문의하시면 도움이 될 것입니다.","충청남도, 태안군, 59세 여성, 장애인, 보장구 수리 지원"
경상북도 여자 37세 1인 가구 현금 혜택 알려줘.,"SELECT benefit_summary, benefit_details, keywords FROM benefits WHERE area LIKE '%경상북도%' AND min_age <= 37 AND max_age >= 37 AND (gender = '여자' OR gender = '') AND household_category LIKE '%1인 가구%' AND support_type LIKE '%현금%' LIMIT 15;","경상북도에서 37세 여성 1인 가구가 받을 수 있는 현금 혜택으로는 다음과 같은 두 가지 프로그램이 있습니다.

1. **귀농인 정착 장려금 지원**: 이 지원은 귀농인에게 정착을 돕기 위한 현금 지원 프로그램입니다. 주로 농업인으로 귀농을 원하는 분들을 위해 봉화군에서 시행됩니다.

2. **귀농인 이사비용 지원**: 귀농인을 위한 이사비용 지원 프로그램으로, 주거 자립을 지원합니다. 이 역시 봉화군에서 제공됩니다.

이 외에도 추가적인 혜택이 있을 수 있으니, 지역 관청이나 관련 기관에 문의하여 더 많은 정보를 확인하는 것이 좋습니다.","경상북도에서 37세 여성 1인 가구가 받을 수 있는 현금 혜택으로는 다음과 같은 두 가지 프로그램이 있습니다. 귀농인 정착 장려금 지원: 이 지원은 귀농인에게 정착을 돕기 위한 현금 지원 프로그램입니다. 주로 농업인으로 귀농을 원하는 분들을 위해 봉화군에서 시행됩니다. 귀농인 이사비용 지원: 귀농인을 위한 이사비용 지원 프로그램으로, 주거 자립을 지원합니다. 이 역시 봉화군에서 제공됩니다. 이 외에도 추가적인 혜택이 있을 수 있으니, 지역 관청이나 관련 기관에 문의하여 더 많은 정보를 확인하는 것이 좋습니다.","경상북도, 37세 여성, 1인 가구, 현금 혜택, 귀농인, 정착 장려금, 이사비용 지원, 주거 자립, 봉화군, 혜택"
경상북도 여자 37세 1인 가구 현금 혜택 좀 알려주실래요?,"SELECT benefit_summary, benefit_details, keywords FROM benefits WHERE area LIKE '%경상북도%' AND min_age <= 37 AND max_age >= 37 AND (gender = '여자' OR gender = '') AND household_category LIKE '%1인 가구%' AND support_type LIKE '%현금%' LIMIT 15;","경상북도 봉화군에서는 37세 여성 1인 가구를 위한 몇 가지 현금 혜택을 제공하고 있습니다. 첫 번째는 '귀농인 정착 장려금 지원'으로, 귀농을 희망하는 분들을 위해 지원되는 혜택입니다. 두 번째는 '귀농인 이사비용 지원'으로, 귀농인에게 주거 자립을 돕기 위한 이사 비용 지원 또한 가능합니다. 해당 지원이 필요하시다면 더 자세한 정보는 지역 관청이나 관련 기관에 문의하시기 바랍니다.","경상북도 봉화군에서는 37세 여성 1인 가구를 위한 몇 가지 현금 혜택을 제공하고 있습니다. 첫 번째는 '귀농인 정착 장려금 지원'으로, 귀농을 희망하는 분들을 위해 지원되는 혜택입니다. 두 번째는 '귀농인 이사비용 지원'으로, 귀농인에게 주거 자립을 돕기 위한 이사 비용 지원 또한 가능합니다. 해당 지원이 필요하시다면 더 자세한 정보는 지역 관청이나 관련 기관에 문의하시기 바랍니다.","봉화군, 37세 여성, 1인 가구, 귀농인, 현금 혜택"
"울산광역시의 북구에 살고 있는 31세 여자입니다. 해당사항 없음인데요, 현금 지원받을 수 있는 것 알려줘.","SELECT benefit_summary, benefit_details, keywords FROM benefits WHERE area LIKE '%울산광역시%' AND district LIKE '%북구%' AND min_age <= 31 AND max_age >= 31 AND (gender = '여자' OR gender = '') AND support_type LIKE '%현금%' LIMIT 15;","울산광역시 북구에 거주하며 31세 여성인 경우, 현재 ""캠핑장 이용요금 감면"" 혜택을 받을 수 있습니다. 이 혜택은 사회취약계층을 위해 제공되며, 캠핑장 이용 시 요금이 감면되는 혜택입니다. 자세한 사항은 지역 행정 기관이나 해당 캠핑장에 문의하시면 안내받을 수 있습니다. 추가로 필요한 지원이 있다면, 지역 복지센터를 통해 다른 도움을 알아보실 수도 있습니다.","울산광역시 북구에 거주하며 31세 여성인 경우, 현재 ""캠핑장 이용요금 감면"" 혜택을 받을 수 있습니다. 이 혜택은 사회취약계층을 위해 제공되며, 캠핑장 이용 시 요금이 감면되는 혜택입니다. 자세한 사항은 지역 행정 기관이나 해당 캠핑장에 문의하시면 안내받을 수 있습니다. 추가로 필요한 지원이 있다면, 지역 복지센터를 통해 다른 도움을 알아보실 수도 있습니다.","울산광역시 북구, 31세 여성, 캠핑장 이용요금 감면, 사회취약계층, 지역 복지센터"
서구 24세 여자 서비스 혜택 이 무엇인가요?,"SELECT benefit_summary, benefit_details, keywords FROM benefits WHERE district LIKE '%서구%' AND min_age <= 24 AND max_age >= 24 AND (gender = '여자' OR gender = '') LIMIT 15;","서구에 거주하는 24세 여성을 위한 서비스 혜택으로는 다음과 같은 것들이 있습니다:

1. **청년 자격증 시험 응시료 지원**: 청년층을 대상으로 자격증 시험에 응시할 때 필요한 비용을 지원합니다.

2. **둘째 이상 자녀 출산 가정에 대한 출산 지원금**: 둘째 또는 셋째 자녀 출산 시 지원되는 금전적 혜택을 제공받을 수 있습니다.

이 외에도 다른 지원 프로그램도 있지만, 현재 쿼리와 관련된 주요 혜택은 위와 같습니다. 추가적인 정보가 필요하다면 서구청의 관련 부서에 문의해 보시기 바랍니다.","서구에 거주하는 24세 여성을 위한 서비스 혜택으로는 다음과 같은 것들이 있습니다: 청년 자격증 시험 응시료 지원: 청년층을 대상으로 자격증 시험에 응시할 때 필요한 비용을 지원합니다. 둘째 이상 자녀 출산 가정에 대한 출산 지원금: 둘째 또는 셋째 자녀 출산 시 지원되는 금전적 혜택을 제공받을 수 있습니다. 이 외에도 다른 지원 프로그램도 있지만, 현재 쿼리와 관련된 주요 혜택은 위와 같습니다. 추가적인 정보가 필요하다면 서구청의 관련 부서에 문의해 보시기 바랍니다.","서구, 24세 여성, 서비스 혜택, 자격증 시험, 출산 지원금"
대구광역시 여자 24세 다자녀가구 서비스 혜택 가르쳐주세요,"SELECT benefit_summary, benefit_details, keywords FROM benefits WHERE area LIKE '%대구광역시%' AND min_age <= 24 AND max_age >= 24 AND (gender = '여자' OR gender = '') AND household_category LIKE '%다자녀가구%' LIMIT 15;","대구광역시에 거주하는 24세 여성 다자녀 가구에게 제공되는 서비스 혜택은 다음과 같습니다:

1. **대학생 학자금 대출 부담 경감 지원**: 이 프로그램은 학자금 대출 이자 지원과 신용회복을 통해 경제적인 부담을 덜어주는 혜택입니다.

2. **체육시설 이용요금 감면**: 국가유공자 및 장애인을 위한 다양한 체육시설의 이용요금 감면 혜택이 제공되며, 이는 여러 시설에서 적용됩니다. 
   - 예를 들어, 대구실내빙상장과 두류수영장에서도 각각 이용요금 감면 혜택이 제공됩니다.

3. **대구국제사격장 이용요금 감면**: 사회 취약계층을 위한 이용요금 감면 혜택이 제공됩니다.

이와 같은 혜택들을 통해 대구광역시에서는 다자녀 가구의 경제적 부담을 줄이고 다양한 지원을 아끼지 않고 있습니다. 필요한 추가 정보가 있으면 언제든지 문의해 주세요!","대구광역시에 거주하는 24세 여성 다자녀 가구에게 제공되는 서비스 혜택은 다음과 같습니다: 대학생 학자금 대출 부담 경감 지원: 이 프로그램은 학자금 대출 이자 지원과 신용회복을 통해 경제적인 부담을 덜어주는 혜택입니다. 체육시설 이용요금 감면: 국가유공자 및 장애인을 위한 다양한 체육시설의 이용요금 감면 혜택이 제공되며, 이는 여러 시설에서 적용됩니다. - 예를 들어, 대구실내빙상장과 두류수영장에서도 각각 이용요금 감면 혜택이 제공됩니다. 대구국제사격장 이용요금 감면: 사회 취약계층을 위한 이용요금 감면 혜택이 제공됩니다. 이와 같은 혜택들을 통해 대구광역시에서는 다자녀 가구의 경제적 부담을 줄이고 다양한 지원을 아끼지 않고 있습니다. 필요한 추가 정보가 있으면 언제든지 문의해 주세요!","다자녀 가구, 대구광역시, 서비스 혜택, 학자금 대출 부담 경감, 체육시설 이용요금 감면"
부산광역시 남자 34세 한부모가정/조손가정 서비스 혜택 조회 부탁드립니다,"SELECT benefit_summary, benefit_details, keywords FROM benefits WHERE area LIKE '%부산광역시%' AND min_age <= 34 AND max_age >= 34 AND (gender = '남자' OR gender = '') AND household_category LIKE '%한부모가정%' LIMIT 15;","부산광역시에서 34세 남성 한부모가정에 해당하는 경우, '한부모가족 맞춤형 서비스'를 제공받을 수 있습니다. 이 서비스는 한부모가족을 위한 다양한 지원사업으로 구성되어 있으며, 생활 안정과 상담 등 여러 가지 도움을 받을 수 있습니다. 추가적으로 필요한 정보나 상담이 필요하시다면 관련 기관에 문의하시는 것을 추천드립니다.","부산광역시에서 34세 남성 한부모가정에 해당하는 경우, '한부모가족 맞춤형 서비스'를 제공받을 수 있습니다. 이 서비스는 한부모가족을 위한 다양한 지원사업으로 구성되어 있으며, 생활 안정과 상담 등 여러 가지 도움을 받을 수 있습니다. 추가적으로 필요한 정보나 상담이 필요하시다면 관련 기관에 문의하시는 것을 추천드립니다.","부산광역시, 34세 남성, 한부모가정, 한부모가족 맞춤형 서비스, 지원사업, 상담, 도움, 정보, 기관, 추천"
무안군 31세 여자 현금 혜택 이 무엇인가요?,"SELECT benefit_summary, benefit_details, keywords FROM benefits WHERE district LIKE '%무안군%' AND min_age <= 31 AND max_age >= 31 AND (gender = '여자' OR gender = '') AND support_type LIKE '%현금%' LIMIT 15;","무안군에서 31세 여성을 위한 현금 혜택으로는 전입 세대에 상품권 및 기념품을 지원하는 프로그램이 있습니다. 이 지원은 전입지원과 관련이 있으며, 생활안정에 도움을 주기 위해 마련된 것입니다. 도움이 필요하시거나 더 궁금한 점이 있으면 언제든지 문의하세요!","무안군에서 31세 여성을 위한 현금 혜택으로는 전입 세대에 상품권 및 기념품을 지원하는 프로그램이 있습니다. 이 지원은 전입지원과 관련이 있으며, 생활안정에 도움을 주기 위해 마련된 것입니다. 도움이 필요하시거나 더 궁금한 점이 있으면 언제든지 문의하세요!","무안군, 31세 여성, 현금 혜택, 전입 세대, 상품권, 기념품, 전입지원, 생활안정, 도움, 문의"
"남구에 사는 64세 여자, 소득은 0 ~ 50%이고 한부모가정/조손가정입니다. 서비스 혜택 좀 알려주실래요?","SELECT benefit_summary, benefit_details, keywords FROM benefits WHERE district LIKE '%남구%' AND min_age <= 64 AND max_age >= 64 AND (gender = '여자' OR gender = '') AND income_category LIKE '%0 ~ 50%' AND (household_category LIKE '%한부모가정%' OR household_category LIKE '%조손가정%') LIMIT 15;","남구에 사는 64세 여자분이시고 소득이 0~50% 범위에 해당하며 한부모가정 또는 조손가정인 경우, 다음과 같은 서비스 혜택을 받으실 수 있습니다. 저소득층에게는 국민건강보험료 및 장기요양보험료 지원이 제공됩니다. 이 지원은 대구 남구 지역에서 시행되고 있으며, 보건의료 관련 혜택입니다. 추가적인 정보나 필요한 사항이 있으시면 언제든지 문의해 주세요.","남구에 사는 64세 여자분이시고 소득이 0~50% 범위에 해당하며 한부모가정 또는 조손가정인 경우, 다음과 같은 서비스 혜택을 받으실 수 있습니다. 저소득층에게는 국민건강보험료 및 장기요양보험료 지원이 제공됩니다. 이 지원은 대구 남구 지역에서 시행되고 있으며, 보건의료 관련 혜택입니다. 추가적인 정보나 필요한 사항이 있으시면 언제든지 문의해 주세요.","남구, 64세 여자분, 소득, 0~50%, 한부모가정, 국민건강보험료, 장기요양보험료, 지원, 대구, 보건의료 관련 혜택"
"남구에 사는 64세 여자, 소득은 0 ~ 50%이고 한부모가정/조손가정입니다. 서비스 혜택 이 무엇인가요?","SELECT benefit_summary, benefit_details, keywords FROM benefits WHERE district LIKE '%남구%' AND min_age <= 64 AND max_age >= 64 AND (gender = '여자' OR gender = '') AND income_category LIKE '%0 ~ 50%' AND (household_category LIKE '%한부모가정%' OR household_category LIKE '%조손가정%') LIMIT 15;","남구에 사는 64세 여성으로서 소득이 0%에서 50% 사이에 해당하며 한부모가정 또는 조손가정에 속하신 경우, 제공받을 수 있는 서비스 혜택은 저소득층을 위한 국민건강보험료 및 장기요양보험료 지원입니다. 이 지원은 건강보험료와 관련된 비용을 경감해 주어 경제적 부담을 줄이는 데 도움을 줍니다. 추가적인 정보나 지원이 필요하시다면 해당 지역의 복지센터에 문의하시기 바랍니다.","남구에 사는 64세 여성으로서 소득이 0%에서 50% 사이에 해당하며 한부모가정 또는 조손가정에 속하신 경우, 제공받을 수 있는 서비스 혜택은 저소득층을 위한 국민건강보험료 및 장기요양보험료 지원입니다. 이 지원은 건강보험료와 관련된 비용을 경감해 주어 경제적 부담을 줄이는 데 도움을 줍니다. 추가적인 정보나 지원이 필요하시다면 해당 지역의 복지센터에 문의하시기 바랍니다.","저소득층, 국민건강보험료, 장기요양보험료, 복지센터, 서비스 혜택"
서울특별시 금천구에 거주하는 56세 여자이며 출산/입양인 사람에게 적합한 지원을 알 수 있을까요?,"SELECT benefit_summary, benefit_details, keywords FROM benefits WHERE area LIKE '%서울특별시%' AND district LIKE '%금천구%' AND min_age <= 56 AND max_age >= 56 AND (gender = '여자' OR gender = '') AND personal_category LIKE '%출산%' LIMIT 15;","서울특별시 금천구에 거주하는 56세 여성으로서, 출산 또는 입양과 관련하여 ""출산축하금 지원""을 받을 수 있습니다. 이 지원은 다자녀가정 및 셋째아에 해당하는 경우에도 적용될 수 있습니다. 자세한 조건과 절차는 해당 구청이나 관련 기관에 문의하시면 더 많은 정보를 얻으실 수 있습니다.","서울특별시 금천구에 거주하는 56세 여성으로서, 출산 또는 입양과 관련하여 ""출산축하금 지원""을 받을 수 있습니다. 이 지원은 다자녀가정 및 셋째아에 해당하는 경우에도 적용될 수 있습니다. 자세한 조건과 절차는 해당 구청이나 관련 기관에 문의하시면 더 많은 정보를 얻으실 수 있습니다.","금천구, 56세 여성, 출산축하금 지원, 다자녀가정, 셋째아"
철원군 66세 여자 현금 혜택 가르쳐주세요,"SELECT benefit_summary, benefit_details, keywords FROM benefits WHERE district LIKE '%철원군%' AND min_age <= 66 AND max_age >= 66 AND (gender = '여자' OR gender = '') AND support_type LIKE '%현금%' LIMIT 15;","철원군에서 66세 여자에게 해당하는 현금 혜택으로는 다음과 같은 지원 프로그램이 있습니다:

1. **농업인에게 우렁이 지원 사업 보조금 지원**: 농업인들을 대상으로 한 보조금 지원으로, 우렁이를 활용한 농업적 접근을 통해 도움을 받을 수 있습니다.

2. **귀농인에게 농가주택설계비 지원**: 귀농인을 위한 지원으로, 농가주택 설계비에 대한 보조를 마련해줍니다. 이 프로그램은 귀농을 고려하는 여성에게도 유용할 수 있습니다.

더 구체적인 자격 요건이나 지원 금액은 철원군청의 관련 부서에 문의하실 것을 권장드립니다.","철원군에서 66세 여자에게 해당하는 현금 혜택으로는 다음과 같은 지원 프로그램이 있습니다: 농업인에게 우렁이 지원 사업 보조금 지원: 농업인들을 대상으로 한 보조금 지원으로, 우렁이를 활용한 농업적 접근을 통해 도움을 받을 수 있습니다. 귀농인에게 농가주택설계비 지원: 귀농인을 위한 지원으로, 농가주택 설계비에 대한 보조를 마련해줍니다. 이 프로그램은 귀농을 고려하는 여성에게도 유용할 수 있습니다. 더 구체적인 자격 요건이나 지원 금액은 철원군청의 관련 부서에 문의하실 것을 권장드립니다.","철원군, 66세 여자, 현금 혜택, 농업인, 우렁이, 농가주택설계비, 귀농인, 지원 프로그램"
경상남도 남자 62세 해당사항 없음 현금 혜택 알려주세요.,"SELECT benefit_summary, benefit_details, keywords FROM benefits WHERE area LIKE '%경상남도%' AND min_age <= 62 AND max_age >= 62 AND (gender = '남자' OR gender = '') AND support_type = '현금' LIMIT 15;","경상남도에 거주하는 62세 남성에게 해당되는 현금 혜택으로는 여러 가지가 있습니다. 특히 저소득 주민을 대상으로 한 건강보험료 및 장기요양보험료 지원이 있습니다. 이 지원은 저소득층에게 의료비 부담을 덜어주기 위한 것입니다. 

또한, 노인 정책과 관련하여 고령화에 대응하기 위해 농업인에게 농기계 구입 비용을 지원하는 프로그램도 있으니, 만약 농업에 종사하신다면 이 혜택을 고려할 수 있습니다.

이 외에도 다양한 지원 프로그램이 있으니 상황에 맞는 적절한 지원을 확인해 보시기 바랍니다.","경상남도에 거주하는 62세 남성에게 해당되는 현금 혜택으로는 여러 가지가 있습니다. 특히 저소득 주민을 대상으로 한 건강보험료 및 장기요양보험료 지원이 있습니다. 이 지원은 저소득층에게 의료비 부담을 덜어주기 위한 것입니다. 또한, 노인 정책과 관련하여 고령화에 대응하기 위해 농업인에게 농기계 구입 비용을 지원하는 프로그램도 있으니, 만약 농업에 종사하신다면 이 혜택을 고려할 수 있습니다. 이 외에도 다양한 지원 프로그램이 있으니 상황에 맞는 적절한 지원을 확인해 보시기 바랍니다.","경상남도, 62세 남성, 현금 혜택, 저소득 주민, 건강보험료, 장기요양보험료, 노인 정책, 농업인, 농기계 구입, 지원 프로그램"
울산광역시 여자 37세 무주택세대 이용권 혜택 찾고 싶어요.,"SELECT benefit_summary, benefit_details, keywords FROM benefits WHERE area LIKE '%울산광역시%' AND min_age <= 37 AND max_age >= 37 AND (gender = '여자' OR gender = '') AND support_type LIKE '%이용권%' LIMIT 15;","울산광역시에서 37세 여자, 무주택세대에 해당하는 혜택을 찾고 계시다면, 관련된 정보가 명시된 조회 결과는 없습니다. 그러나 울산에서 제공되는 다양한 지원 프로그램과 혜택이 있으니 참고하시면 도움이 될 수 있습니다. 예를 들어:

1. **지역사랑상품권(울산페이)**: 울산페이를 통해 소비자 할인 및 소득공제 혜택을 받을 수 있습니다. 이는 지역 경제에 기여하며, 가맹점에서 유용하게 사용될 수 있습니다.

2. **일상돌봄 서비스**: 울산에서는 일상적으로 도움을 필요로 하는 분들을 위해 돌봄 서비스를 제공합니다.

3. **사회적 취약계층 지원**: 주차요금 감면 등의 혜택이 사회적 취약계층에게 제공되며, 공영주차장 이용 시에도 감면 혜택이 있습니다.

많은 혜택이 있지만, 구체적인 무주택세대 이용권에 대한 정보는 포함되어 있지 않았습니다. 필요한 추가 정보나 상담을 원하신다면 울산광역시청 혹은 관련 기관에 문의하시기를 권장합니다.","울산광역시에서 37세 여자, 무주택세대에 해당하는 혜택을 찾고 계시다면, 관련된 정보가 명시된 조회 결과는 없습니다. 그러나 울산에서 제공되는 다양한 지원 프로그램과 혜택이 있으니 참고하시면 도움이 될 수 있습니다. 예를 들어: 지역사랑상품권(울산페이): 울산페이를 통해 소비자 할인 및 소득공제 혜택을 받을 수 있습니다. 이는 지역 경제에 기여하며, 가맹점에서 유용하게 사용될 수 있습니다. 일상돌봄 서비스: 울산에서는 일상적으로 도움을 필요로 하는 분들을 위해 돌봄 서비스를 제공합니다. 사회적 취약계층 지원: 주차요금 감면 등의 혜택이 사회적 취약계층에게 제공되며, 공영주차장 이용 시에도 감면 혜택이 있습니다. 많은 혜택이 있지만, 구체적인 무주택세대 이용권에 대한 정보는 포함되어 있지 않았습니다. 필요한 추가 정보나 상담을 원하신다면 울산광역시청 혹은 관련 기관에 문의하시기를 권장합니다.","울산광역시, 무주택세대, 혜택, 지원 프로그램, 지역사랑상품권, 사회적 취약계층"
세종특별자치시 20세 남자 현금 혜택 검색해주세요.,"SELECT benefit_summary, benefit_details, keywords FROM benefits WHERE area LIKE '%세종특별자치시%' AND min_age <= 20 AND max_age >= 20 AND (gender = '남자' OR gender = '') AND support_type LIKE '%현금%' LIMIT 15;","세종특별자치시에서 20세 남성을 위한 현금 혜택으로는 다음과 같은 지원 프로그램이 있습니다:

1. **보호종료아동 자립정착금 지원**: 보호 종료 아동을 위한 자립정착금을 지원합니다. 이는 주거 자립에 도움이 되는 현금 혜택입니다.

2. **비수급 저소득층 가구에 기초생계급여 지원**: 저소득층 가구에게 삶의 안정성을 높이기 위한 기초생계급여를 현금으로 지원합니다.

3. **세종시 청년 면접비 지원**: 세종시에 거주하는 청년에게 면접비를 지원하여 취업을 도와줍니다.

4. **세종시 청년 구직활동비 지원**: 청년이 구직 활동을 하는데 필요한 경비를 현금으로 지원하여 고용 창업을 촉진하는 프로그램입니다.

이와 같은 다양한 지원 프로그램을 통해 20세 남성을 포함한 청년들에게 도움이 될 수 있는 혜택이 제공되고 있습니다. 추가적인 정보가 필요하다면 관련 기관에 문의하시거나 홈페이지를 참고하시면 됩니다.",세종특별자치시에서 20세 남성을 위한 현금 혜택으로는 다음과 같은 지원 프로그램이 있습니다: 보호종료아동 자립정착금 지원: 보호 종료 아동을 위한 자립정착금을 지원합니다. 이는 주거 자립에 도움이 되는 현금 혜택입니다. 비수급 저소득층 가구에 기초생계급여 지원: 저소득층 가구에게 삶의 안정성을 높이기 위한 기초생계급여를 현금으로 지원합니다. 세종시 청년 면접비 지원: 세종시에 거주하는 청년에게 면접비를 지원하여 취업을 도와줍니다. 세종시 청년 구직활동비 지원: 청년이 구직 활동을 하는데 필요한 경비를 현금으로 지원하여 고용 창업을 촉진하는 프로그램입니다. 이와 같은 다양한 지원 프로그램을 통해 20세 남성을 포함한 청년들에게 도움이 될 수 있는 혜택이 제공되고 있습니다. 추가적인 정보가 필요하다면 관련 기관에 문의하시거나 홈페이지를 참고하시면 됩니다.,"세종특별자치시, 20세 남성, 현금 혜택, 지원 프로그램, 청년들"
서구 52세 남자 현물 혜택 이 있나요?,"SELECT benefit_summary, benefit_details, keywords FROM benefits WHERE district LIKE '%서구%' AND min_age <= 52 AND max_age >= 52 AND (gender = '남자' OR gender = '') AND support_type LIKE '%현물%' LIMIT 15;","서구의 52세 남성에게 제공되는 특정 현물 혜택에 대한 정보는 데이터베이스 조회 결과에서 확인할 수 없었습니다. 현재 확인된 지원 내용으로는 악취 관리 및 환경 개선을 위한 EM 발효액 제공, 법정지원 미수급 위기가정을 위한 생계 및 주거급여, 의료비 지원, 그리고 장애인을 위한 주택 개조 지원 등이 있습니다. 서구의 52세 남성에게 적절한 혜택이 없거나 명시되지 않은 것으로 보입니다. 추가적인 정보를 원하신다면, 서구청이나 관련 기관에 직접 문의하시는 것이 좋습니다.","서구의 52세 남성에게 제공되는 특정 현물 혜택에 대한 정보는 데이터베이스 조회 결과에서 확인할 수 없었습니다. 현재 확인된 지원 내용으로는 악취 관리 및 환경 개선을 위한 EM 발효액 제공, 법정지원 미수급 위기가정을 위한 생계 및 주거급여, 의료비 지원, 그리고 장애인을 위한 주택 개조 지원 등이 있습니다. 서구의 52세 남성에게 적절한 혜택이 없거나 명시되지 않은 것으로 보입니다. 추가적인 정보를 원하신다면, 서구청이나 관련 기관에 직접 문의하시는 것이 좋습니다.","서구, 52세 남성, 현물 혜택, 데이터베이스 조회, EM 발효액, 법정지원, 생계 및 주거급여, 의료비 지원, 장애인, 주택 개조, 서구청, 관련 기관, 추가적인 정보, 직접 문의"
평창군 47세 여자 현금 혜택 확인해줄래요?,"SELECT benefit_summary, benefit_details, keywords FROM benefits WHERE district LIKE '%평창군%' AND min_age <= 47 AND max_age >= 47 AND (gender = '여자' OR gender = '') AND support_type LIKE '%현금%' LIMIT 15;","평창군에 거주하는 47세 여성분이 받으실 수 있는 현금 혜택으로는 '전입 지원금 지급'이 있습니다. 이 지원금은 평창군에서 새로 전입한 주민들에게 제공되며, 상품권 형태로 지급됩니다. 또한, '산림소득사업 육성 지원' 프로그램도 있으니 참고하시기 바랍니다. 더 자세한 정보가 필요하시면 관련 기관에 문의해 보시는 것도 좋습니다.","평창군에 거주하는 47세 여성분이 받으실 수 있는 현금 혜택으로는 '전입 지원금 지급'이 있습니다. 이 지원금은 평창군에서 새로 전입한 주민들에게 제공되며, 상품권 형태로 지급됩니다. 또한, '산림소득사업 육성 지원' 프로그램도 있으니 참고하시기 바랍니다. 더 자세한 정보가 필요하시면 관련 기관에 문의해 보시는 것도 좋습니다.","평창군, 여성분, 현금 혜택, 전입 지원금, 산림소득사업 육성 지원"
충청남도 보령시에 거주하는 57세 남자이며 구직자/실업자인 사람에게 적합한 지원을 알려줘.,"SELECT benefit_summary, benefit_details, keywords FROM benefits WHERE area LIKE '%충청남도%' AND district LIKE '%보령시%' AND min_age <= 57 AND max_age >= 57 AND (gender = '남자' OR gender = '') AND personal_category LIKE '%구직자%' OR personal_category LIKE '%실업자%' LIMIT 15;","충청남도 보령시에 거주하며 57세인 남성 구직자/실업자에게 적합한 지원 프로그램은 다음과 같습니다:

1. **40대 이상 중장년 대상 생애경력설계 프로그램 및 재취업 지원 서비스**: 이 프로그램은 중장년층에게 전문적인 재취업 및 전직 지원을 제공하여 새로운 진로를 설계하는 데 도움을 줄 수 있습니다.

2. **직업능력개발훈련비와 훈련장려금 지원**: 국민내일배움카드를 통해 직업훈련 참여 시 훈련비를 지원받고, 필요한 직업 능력을 개발하여 취업 기회를 높일 수 있습니다.

3. **구직자의 취업을 지원하는 다양한 서비스**: 고용센터에서는 구직자를 위해 다양한 취업 지원 서비스를 제공하므로, 필요한 정보를 얻고 적극적으로 활용할 수 있습니다.

이 외에도 귀하의 상황에 맞는 다른 지원 프로그램들이 있으니, 적극적으로 탐색해 보시는 것이 좋겠습니다.","충청남도 보령시에 거주하며 57세인 남성 구직자/실업자에게 적합한 지원 프로그램은 다음과 같습니다: 40대 이상 중장년 대상 생애경력설계 프로그램 및 재취업 지원 서비스: 이 프로그램은 중장년층에게 전문적인 재취업 및 전직 지원을 제공하여 새로운 진로를 설계하는 데 도움을 줄 수 있습니다. 직업능력개발훈련비와 훈련장려금 지원: 국민내일배움카드를 통해 직업훈련 참여 시 훈련비를 지원받고, 필요한 직업 능력을 개발하여 취업 기회를 높일 수 있습니다. 구직자의 취업을 지원하는 다양한 서비스: 고용센터에서는 구직자를 위해 다양한 취업 지원 서비스를 제공하므로, 필요한 정보를 얻고 적극적으로 활용할 수 있습니다. 이 외에도 귀하의 상황에 맞는 다른 지원 프로그램들이 있으니, 적극적으로 탐색해 보시는 것이 좋겠습니다.","충청남도, 보령시, 57세, 구직자, 중장년, 생애경력설계 프로그램, 재취업 지원 서비스, 직업능력개발훈련비, 취업 기회, 고용센터, 취업 지원 서비스"
의령군 53세 남자 서비스 혜택 알려줘.,"SELECT benefit_summary, benefit_details, keywords FROM benefits WHERE district LIKE '%의령군%' AND min_age <= 53 AND max_age >= 53 AND (gender = '남자' OR gender = '') LIMIT 15;","의령군에 거주하는 53세 남성을 위한 여러 서비스 혜택이 있습니다. 아래와 같은 지원 프로그램을 활용할 수 있습니다:

1. **가축전염병 근절대책 지원**: 가축전염병, 구제역, 브루셀라 등의 예방과 관련된 지원이 제공됩니다.
  
2. **한우 사육환경 개선 사업**: 한우 농가에 사육환경 개선을 위한 지원이 이루어집니다.

3. **옥수수 재배 농가에 생분해 멀칭필름 지원**: 친환경 농자재인 생분해 멀칭필름 지원 프로그램이 있습니다.

4. **가축재해 예방장비 지원**: 농업인을 위한 가축재해 예방장비 지원이 제공됩니다.

5. **젖소 사육농가에 우수정액 구입비 지원**: 젖소 농가를 위한 우수정액 구입비 지원이 이루어집니다.

6. **다문화 가정에 친정방문 왕복항공료 지원**: 다문화 가정을 위해 친정 나들이를 위한 항공료가 지원됩니다.

7. **토요애 공동브랜드 농산물 출하농가 지원**: 농산물 출하 농가에 대한 출하 지원 및 수수료 지원 프로그램이 있습니다.

이 혜택들을 통해 의령군에서 농업 및 생활 안정을 도모할 수 있습니다. 자신에게 적합한 프로그램을 선택하여 신청해 보세요!","의령군에 거주하는 53세 남성을 위한 여러 서비스 혜택이 있습니다. 아래와 같은 지원 프로그램을 활용할 수 있습니다: 가축전염병 근절대책 지원: 가축전염병, 구제역, 브루셀라 등의 예방과 관련된 지원이 제공됩니다. 한우 사육환경 개선 사업: 한우 농가에 사육환경 개선을 위한 지원이 이루어집니다. 옥수수 재배 농가에 생분해 멀칭필름 지원: 친환경 농자재인 생분해 멀칭필름 지원 프로그램이 있습니다. 가축재해 예방장비 지원: 농업인을 위한 가축재해 예방장비 지원이 제공됩니다. 젖소 사육농가에 우수정액 구입비 지원: 젖소 농가를 위한 우수정액 구입비 지원이 이루어집니다. 다문화 가정에 친정방문 왕복항공료 지원: 다문화 가정을 위해 친정 나들이를 위한 항공료가 지원됩니다. 토요애 공동브랜드 농산물 출하농가 지원: 농산물 출하 농가에 대한 출하 지원 및 수수료 지원 프로그램이 있습니다. 이 혜택들을 통해 의령군에서 농업 및 생활 안정을 도모할 수 있습니다. 자신에게 적합한 프로그램을 선택하여 신청해 보세요!","농업, 혜택, 지원 프로그램, 가축전염병, 친환경 농자재"
충청북도 남자 45세 신규전입가구 서비스 혜택 알려주세요.,"SELECT benefit_summary, benefit_details, keywords FROM benefits WHERE area LIKE '%충청북도%' AND min_age <= 45 AND max_age >= 45 AND (gender = '남자' OR gender = '') AND household_category LIKE '%신규전입가구%' LIMIT 15;","충청북도에서 45세 남성 신규 전입 가구에 해당하는 경우, 옥천군에서 제공하는 서비스 중 하나로 '전입주민 쓰레기종량제봉투 지원'이 있습니다. 이 혜택은 전입 주민에게 쓰레기봉투를 현물로 지원하는 서비스입니다. 추가적인 지원이나 혜택이 궁금하시다면 해당 지역 관청에 문의해 보시는 것도 좋습니다.","충청북도에서 45세 남성 신규 전입 가구에 해당하는 경우, 옥천군에서 제공하는 서비스 중 하나로 '전입주민 쓰레기종량제봉투 지원'이 있습니다. 이 혜택은 전입 주민에게 쓰레기봉투를 현물로 지원하는 서비스입니다. 추가적인 지원이나 혜택이 궁금하시다면 해당 지역 관청에 문의해 보시는 것도 좋습니다.","충청북도, 남성, 전입 가구, 쓰레기종량제봉투, 혜택"
경상남도 여자 57세 다문화가정 현금 혜택 확인해줄래요?,"SELECT benefit_summary, benefit_details, keywords FROM benefits WHERE area LIKE '%경상남도%' AND (gender = '여자' OR gender = '') AND min_age <= 57 AND max_age >= 57 AND household_category LIKE '%다문화가정%' AND support_type LIKE '%현금%' LIMIT 15;","경상남도에 거주하는 57세 여성 다문화 가정에게는 '다문화 가정에 친정방문 왕복항공료 지원'이라는 혜택이 있습니다. 이 지원은 친정 방문을 위한 항공료를 지원해주는 프로그램으로, 의령군에서 제공하는 생활안정과 관련된 혜택입니다. 추가적인 정보가 필요하시거나 다른 문의 사항이 있다면 언제든지 말씀해 주세요!","경상남도에 거주하는 57세 여성 다문화 가정에게는 '다문화 가정에 친정방문 왕복항공료 지원'이라는 혜택이 있습니다. 이 지원은 친정 방문을 위한 항공료를 지원해주는 프로그램으로, 의령군에서 제공하는 생활안정과 관련된 혜택입니다. 추가적인 정보가 필요하시거나 다른 문의 사항이 있다면 언제든지 말씀해 주세요!","경상남도, 다문화 가정, 친정방문 왕복항공료 지원, 의령군, 생활안정"
서구 29세 남자 서비스 혜택 을 알려줘,"SELECT benefit_summary, benefit_details, keywords FROM benefits WHERE district LIKE '%서구%' AND min_age <= 29 AND max_age >= 29 AND (gender = '남자' OR gender = '') LIMIT 15;","서구에서 29세 남성이 이용할 수 있는 서비스 혜택은 다음과 같습니다:

1. **청년 자격증 시험 응시료 지원**: 청년층에게 자격증 시험의 응시료를 지원하여, 직업 능력 향상을 도와줍니다.

추가적으로, 남성이 해당하는 카테고리가 있는 경우 다른 혜택도 있을 수 있으니 구체적인 조건에 따라 더 많은 정보를 확인하는 것이 좋습니다.","서구에서 29세 남성이 이용할 수 있는 서비스 혜택은 다음과 같습니다: 청년 자격증 시험 응시료 지원: 청년층에게 자격증 시험의 응시료를 지원하여, 직업 능력 향상을 도와줍니다. 추가적으로, 남성이 해당하는 카테고리가 있는 경우 다른 혜택도 있을 수 있으니 구체적인 조건에 따라 더 많은 정보를 확인하는 것이 좋습니다.","서구, 29세 남성, 서비스 혜택, 청년 자격증, 응시료, 직업 능력, 구체적인 조건, 정보 확인"
서구 29세 남자 서비스 혜택 찾아주세요.,"SELECT benefit_summary, benefit_details, keywords FROM benefits WHERE district LIKE '%서구%' AND min_age <= 29 AND max_age >= 29 AND (gender = '남자' OR gender = '') LIMIT 15;","서구 지역의 29세 남성을 위한 서비스 혜택으로 다음과 같은 지원이 있습니다:

1. **청년 자격증 시험 응시료 지원**: 서구에 거주하는 청년을 위한 자격증 시험 응시료를 지원합니다. 

또한, 추가로 고려해볼 만한 혜택은 강서구에서 제공하는 다음과 같은 지원 항목들입니다:

- **청년 월세 지원**: 청년들이 월세를 부담할 수 있도록 지원금을 제공합니다.
- **전세피해 관련 지원금**: 소송수행경비, 이사비용 지원 및 전세보증금 반환보증 보증료 지원 등의 다양한 전세피해 지원이 있습니다.

위 혜택들을 통해 필요한 도움을 받으실 수 있길 바랍니다.","서구 지역의 29세 남성을 위한 서비스 혜택으로 다음과 같은 지원이 있습니다: 청년 자격증 시험 응시료 지원: 서구에 거주하는 청년을 위한 자격증 시험 응시료를 지원합니다. 또한, 추가로 고려해볼 만한 혜택은 강서구에서 제공하는 다음과 같은 지원 항목들입니다: - 청년 월세 지원: 청년들이 월세를 부담할 수 있도록 지원금을 제공합니다. - 전세피해 관련 지원금: 소송수행경비, 이사비용 지원 및 전세보증금 반환보증 보증료 지원 등의 다양한 전세피해 지원이 있습니다. 위 혜택들을 통해 필요한 도움을 받으실 수 있길 바랍니다.","서구, 남성, 혜택, 자격증, 지원"
북구 69세 남자 이용권 혜택 찾고 싶어요.,"SELECT benefit_summary, benefit_details, keywords FROM benefits WHERE district LIKE '%북구%' AND min_age <= 69 AND max_age >= 69 AND (gender = '남자' OR gender = '') AND support_type LIKE '%이용권%' LIMIT 15;","북구에 거주하는 69세 남성분을 위한 이용권 혜택은 다음과 같습니다:

1. **장애인 평생교육 이용권 지원**: 이 혜택은 장애인 분들을 위한 것으로, 평생교육 프로그램에의 이용권을 지원합니다. 해당 혜택은 부산북구에서 제공됩니다.

2. **장애인에게 활동보조 서비스 추가 지원**: 대구광역시 북구에서는 장애인을 위한 활동보조 서비스의 추가 지원을 제공하고 있습니다. 보호돌봄과 관련된 서비스입니다.

3. **체육시설 이용요금 감면**: 울산광역시 북구에서는 체육시설의 이용요금 감면 혜택도 제공하고 있습니다.

각 혜택의 구체적인 자격 요건이나 신청 방법은 해당 기관에 문의하시거나 공식 웹사이트를 참고하시면 좋습니다. 추가로 도움이 필요하시면 언제든지 말씀해 주세요!","북구에 거주하는 69세 남성분을 위한 이용권 혜택은 다음과 같습니다: 장애인 평생교육 이용권 지원: 이 혜택은 장애인 분들을 위한 것으로, 평생교육 프로그램에의 이용권을 지원합니다. 해당 혜택은 부산북구에서 제공됩니다. 장애인에게 활동보조 서비스 추가 지원: 대구광역시 북구에서는 장애인을 위한 활동보조 서비스의 추가 지원을 제공하고 있습니다. 보호돌봄과 관련된 서비스입니다. 체육시설 이용요금 감면: 울산광역시 북구에서는 체육시설의 이용요금 감면 혜택도 제공하고 있습니다. 각 혜택의 구체적인 자격 요건이나 신청 방법은 해당 기관에 문의하시거나 공식 웹사이트를 참고하시면 좋습니다. 추가로 도움이 필요하시면 언제든지 말씀해 주세요!","장애인, 평생교육 이용권, 활동보조 서비스, 체육시설 이용요금 감면, 북구"
북구 69세 남자 이용권 혜택 뭐가 있나요?,"SELECT benefit_summary, benefit_details, keywords FROM benefits WHERE district LIKE '%북구%' AND min_age <= 69 AND max_age >= 69 AND (gender = '남자' OR gender = '') AND support_type LIKE '%이용권%' LIMIT 15;","북구에 거주하는 69세 남자분에게는 여러 가지 이용권 혜택이 있습니다. 

1. **강북구 소상공인 및 강북구민을 위한 5% 할인 판매 지원**: 지역화폐, 강북사랑상품권 등을 통해 5% 할인이 제공됩니다. 
   
2. **장애인 평생교육 이용권 지원**: 장애인 분들을 위해 평생교육 이용권이 지원됩니다. 

3. **장애인 활동 보조 서비스 추가 지원**: 대구광역시 북구에서는 장애인 분들을 위해 활동 보조 서비스에 대한 추가 지원이 이루어집니다.

4. **체육시설 이용요금 감면**: 울산광역시 북구 내의 체육시설에서도 이용요금 감면 혜택이 있습니다.

각 혜택은 지역이나 조건에 따라 다를 수 있으니, 자세한 사항은 해당 기관에 문의하시는 것이 좋습니다.","북구에 거주하는 69세 남자분에게는 여러 가지 이용권 혜택이 있습니다. 강북구 소상공인 및 강북구민을 위한 5% 할인 판매 지원: 지역화폐, 강북사랑상품권 등을 통해 5% 할인이 제공됩니다. 장애인 평생교육 이용권 지원: 장애인 분들을 위해 평생교육 이용권이 지원됩니다. 장애인 활동 보조 서비스 추가 지원: 대구광역시 북구에서는 장애인 분들을 위해 활동 보조 서비스에 대한 추가 지원이 이루어집니다. 체육시설 이용요금 감면: 울산광역시 북구 내의 체육시설에서도 이용요금 감면 혜택이 있습니다. 각 혜택은 지역이나 조건에 따라 다를 수 있으니, 자세한 사항은 해당 기관에 문의하시는 것이 좋습니다.","장애인, 혜택, 이용권, 감면, 지원"
대덕구 40세 여자 서비스 혜택 알고 싶어요.,"SELECT benefit_summary, benefit_details, keywords FROM benefits WHERE district LIKE '%대덕구%' AND min_age <= 40 AND max_age >= 40 AND (gender = '여자' OR gender = '') LIMIT 15;","대덕구에서 40세 여성에게 관련된 서비스 혜택은 다음과 같습니다:

1. **대덕구 산모 건강회복 지원**: 출산 후 산모의 건강 회복을 위한 지원금을 제공합니다. 이 혜택은 출산한 여성에게 특별히 해당됩니다. 

다른 혜택으로는 국가보훈대상자와 관련된 내용이 주로 언급되고 있어, 40세 여성에 해당되는 혜택은 주로 산모와 관련된 지원이 될 것입니다. 필요한 정보나 추가적인 문의가 있으시면 언제든지 말씀해 주세요!","대덕구에서 40세 여성에게 관련된 서비스 혜택은 다음과 같습니다: 대덕구 산모 건강회복 지원: 출산 후 산모의 건강 회복을 위한 지원금을 제공합니다. 이 혜택은 출산한 여성에게 특별히 해당됩니다. 다른 혜택으로는 국가보훈대상자와 관련된 내용이 주로 언급되고 있어, 40세 여성에 해당되는 혜택은 주로 산모와 관련된 지원이 될 것입니다. 필요한 정보나 추가적인 문의가 있으시면 언제든지 말씀해 주세요!","대덕구, 40세 여성, 서비스 혜택, 산모 건강회복 지원, 지원금"
경상북도 의성군에 거주하는 52세 남자이며 국가보훈대상자인 사람에게 적합한 지원을 조회 부탁드립니다,"SELECT benefit_summary, benefit_details, keywords FROM benefits WHERE area LIKE '%경상북도%' AND district LIKE '%의성군%' AND min_age <= 52 AND max_age >= 52 AND (gender = '남자' OR gender = '') AND personal_category LIKE '%국가보훈대상자%' LIMIT 15;","경상북도 의성군에 거주하는 52세 남자이자 국가보훈대상자분께 적합한 지원으로, '국가유공자를 위한 보훈명예수당 및 사망위로금 지급'을 추천드립니다. 이 지원은 국가유공자분들을 위해 마련된 제도로, 생활안정을 도모할 수 있는 혜택입니다. 더 궁금한 사항이 있으시면 말씀해 주세요!","경상북도 의성군에 거주하는 52세 남자이자 국가보훈대상자분께 적합한 지원으로, '국가유공자를 위한 보훈명예수당 및 사망위로금 지급'을 추천드립니다. 이 지원은 국가유공자분들을 위해 마련된 제도로, 생활안정을 도모할 수 있는 혜택입니다. 더 궁금한 사항이 있으시면 말씀해 주세요!","의성군, 52세, 국가보훈대상자, 보훈명예수당, 사망위로금"
울산광역시 남자 35세 다문화가정 서비스 혜택 가르쳐주세요,"SELECT benefit_summary, benefit_details, keywords FROM benefits WHERE area LIKE '%울산광역시%' AND min_age <= 35 AND max_age >= 35 AND (gender = '남자' OR gender = '') AND household_category LIKE '%다문화가정%' LIMIT 15;","울산광역시에 거주하는 35세 남성의 다문화가정에 해당하는 경우, '울주문화예술회관 기획공연 관람료 감면' 서비스를 이용할 수 있습니다. 이 서비스는 울산에서 진행되는 기획공연의 관람료를 감면해 주는 혜택입니다. 추가적인 정보나 다른 서비스에 대해서도 궁금한 점이 있다면 언제든지 문의してください!","울산광역시에 거주하는 35세 남성의 다문화가정에 해당하는 경우, '울주문화예술회관 기획공연 관람료 감면' 서비스를 이용할 수 있습니다. 이 서비스는 울산에서 진행되는 기획공연의 관람료를 감면해 주는 혜택입니다. 추가적인 정보나 다른 서비스에 대해서도 궁금한 점이 있다면 언제든지 문의してください!","울산광역시, 거주하는, 35세 남성, 다문화가정, 울주문화예술회관, 기획공연, 관람료 감면, 서비스, 혜택, 추가적인 정보, 문의"
동구 35세 남자 서비스 혜택 찾아줘.,"SELECT benefit_summary, benefit_details, keywords FROM benefits WHERE district LIKE '%동구%' AND min_age <= 35 AND max_age >= 35 AND (gender = '남자' OR gender = '') LIMIT 15;","동구에 거주하는 35세 남성분을 위한 구체적인 서비스 혜택은 현재 제공되는 데이터에 포함되어 있지 않습니다. 하지만, 동구에서는 여러 가지 혜택이 제공되고 있습니다. 예를 들어, '참전유공자 사망위로금 지원'이나 '재난이나 그밖의 각종 사고로 피해가 발생한 경우 그 피해를 보상'하는 구민안전보험과 같은 프로그램이 있습니다. 이러한 혜택은 직접적으로 35세 남성과 관련되지는 않지만, 해당 조건에 해당하는 다른 혜택을 찾기 위해 더 많은 조사가 필요할 수 있습니다. 더 구체적인 정보를 원하시면, 관련 기관에 문의하거나 동구청의 웹사이트를 방문하시는 것도 추천드립니다.","동구에 거주하는 35세 남성분을 위한 구체적인 서비스 혜택은 현재 제공되는 데이터에 포함되어 있지 않습니다. 하지만, 동구에서는 여러 가지 혜택이 제공되고 있습니다. 예를 들어, '참전유공자 사망위로금 지원'이나 '재난이나 그밖의 각종 사고로 피해가 발생한 경우 그 피해를 보상'하는 구민안전보험과 같은 프로그램이 있습니다. 이러한 혜택은 직접적으로 35세 남성과 관련되지는 않지만, 해당 조건에 해당하는 다른 혜택을 찾기 위해 더 많은 조사가 필요할 수 있습니다. 더 구체적인 정보를 원하시면, 관련 기관에 문의하거나 동구청의 웹사이트를 방문하시는 것도 추천드립니다.","35세 남성, 혜택, 구체적인 서비스, 참전유공자 사망위로금 지원, 구민안전보험"
중구 50세 남자 이용권 혜택 찾고 싶어요.,"SELECT benefit_summary, benefit_details, keywords FROM benefits WHERE district LIKE '%중구%' AND min_age <= 50 AND max_age >= 50 AND (gender = '남자' OR gender = '') AND support_type LIKE '%이용권%' LIMIT 15;","중구에서 50세 남성을 위한 이용권 혜택에 대한 정보는 다음과 같습니다. 

1. 지역경제 활성화를 위한 지역화폐 지원 사업이 있습니다. 이 사업은 서울 중구 사랑상품권을 통해 할인 및 소득공제를 받을 수 있는 혜택을 제공합니다. 지역 경제를 활성화하는 데 도움이 되는 좋은 기회입니다.

2. 또한 부산 중구에서는 장애인을 위한 평생교육 이용권 지원 프로그램이 운영되고 있습니다. 이 프로그램은 장애인을 위한 다양한 평생교육 기회를 제공하고자 합니다.

원하는 정보에 따라 더 구체적인 사항이나 다른 혜택을 알고 싶으시면 언제든지 말씀해 주세요!",중구에서 50세 남성을 위한 이용권 혜택에 대한 정보는 다음과 같습니다. 지역경제 활성화를 위한 지역화폐 지원 사업이 있습니다. 이 사업은 서울 중구 사랑상품권을 통해 할인 및 소득공제를 받을 수 있는 혜택을 제공합니다. 지역 경제를 활성화하는 데 도움이 되는 좋은 기회입니다. 또한 부산 중구에서는 장애인을 위한 평생교육 이용권 지원 프로그램이 운영되고 있습니다. 이 프로그램은 장애인을 위한 다양한 평생교육 기회를 제공하고자 합니다. 원하는 정보에 따라 더 구체적인 사항이나 다른 혜택을 알고 싶으시면 언제든지 말씀해 주세요!,"지역경제 활성화, 지역화폐, 사랑상품권, 평생교육 이용권, 장애인"
동구 57세 여자 이용권 혜택 뭐가 있나요?,"SELECT benefit_summary, benefit_details, keywords FROM benefits WHERE district LIKE '%동구%' AND min_age <= 57 AND max_age >= 57 AND (gender = '여자' OR gender = '') AND support_type LIKE '%이용권%' LIMIT 15;","동구 57세 여성에게 제공되는 이용권 혜택으로는 '여성 농업인에게 건강, 문화, 보건 등에 사용할 수 있는 바우처 지원'이 있습니다. 이 혜택은 여성 농업인을 위한 것으로, 다양한 분야에서 활용할 수 있는 바우처가 지원됩니다. 추가적으로 장애인 관련 혜택으로는 평생교육 이용권 지원이 있으며, 이는 장애인 전체를 대상으로 하는 서비스입니다. 하지만 질문하신 특정 연령과 성별에 맞는 혜택은 주로 여성 농업인에게 제공되는 바우처입니다.","동구 57세 여성에게 제공되는 이용권 혜택으로는 '여성 농업인에게 건강, 문화, 보건 등에 사용할 수 있는 바우처 지원'이 있습니다. 이 혜택은 여성 농업인을 위한 것으로, 다양한 분야에서 활용할 수 있는 바우처가 지원됩니다. 추가적으로 장애인 관련 혜택으로는 평생교육 이용권 지원이 있으며, 이는 장애인 전체를 대상으로 하는 서비스입니다. 하지만 질문하신 특정 연령과 성별에 맞는 혜택은 주로 여성 농업인에게 제공되는 바우처입니다.","여성, 농업인, 바우처, 혜택, 장애인"
남구 46세 여자 현물 혜택 검색해줘.,"SELECT benefit_summary, benefit_details, keywords FROM benefits WHERE district LIKE '%남구%' AND min_age <= 46 AND max_age >= 46 AND (gender = '여자' OR gender = '') AND support_type LIKE '%현물%' LIMIT 15;","남구에 거주하는 46세 여성에게 적합한 현물 혜택으로 다음과 같은 지원 프로그램이 있습니다:

1. **출산가정 유축기 대여 지원**: 임신과 출산을 겪는 가정에서 필요할 수 있는 유축기를 무료로 대여해주는 프로그램입니다. 이 지원은 출산을 계획하고 있거나 이미 출산한 가정에 도움이 될 수 있습니다.

추가적으로 관심 있는 주제나 상황이 있으면 더 알려주시면 추가 정보를 제공해드릴 수 있습니다!",남구에 거주하는 46세 여성에게 적합한 현물 혜택으로 다음과 같은 지원 프로그램이 있습니다: 출산가정 유축기 대여 지원: 임신과 출산을 겪는 가정에서 필요할 수 있는 유축기를 무료로 대여해주는 프로그램입니다. 이 지원은 출산을 계획하고 있거나 이미 출산한 가정에 도움이 될 수 있습니다. 추가적으로 관심 있는 주제나 상황이 있으면 더 알려주시면 추가 정보를 제공해드릴 수 있습니다!,"남구, 46세 여성, 현물 혜택, 출산가정 유축기 대여 지원, 임신과 출산"
경상남도 여자 21세 해당사항 없음 현금 혜택 을 알려줘,"SELECT benefit_summary, benefit_details, keywords FROM benefits WHERE area LIKE '%경상남도%' AND min_age <= 21 AND max_age >= 21 AND (gender = '여자' OR gender = '') AND support_type LIKE '%현금%' LIMIT 15;","경상남도에서 21세 여성에게 해당하는 현금 혜택은 여러 가지가 있으며, 특히 다음과 같은 지원 프로그램들이 있습니다:

1. **산모·신생아 건강관리 본인부담금 지원**: 산모와 신생아를 위한 건강관리 서비스에 대한 본인 부담금을 지원하는 혜택입니다.
   
2. **저소득 주민 국민건강보험료 지원**: 저소득 주민을 대상으로 하는 국민 건강보험료 지원 프로그램으로, 이 역시 21세 여성에게 해당이 될 수 있습니다.

3. **고령화 및 공동화 대응 농기계 구입 비용 지원**: 경남 지역의 농업인에게 농기계 구입을 지원하는 프로그램으로, 경상남도 내에서 특정 조건을 충족하면 지원을 받을 수 있습니다.

이 외에도 특수한 상황에서 지원되는 다양한 프로그램이 더 있을 수 있습니다. 관심 있는 지원의 자세한 사항은 해당 기관에 문의하시는 것이 좋습니다.","경상남도에서 21세 여성에게 해당하는 현금 혜택은 여러 가지가 있으며, 특히 다음과 같은 지원 프로그램들이 있습니다: 산모·신생아 건강관리 본인부담금 지원: 산모와 신생아를 위한 건강관리 서비스에 대한 본인 부담금을 지원하는 혜택입니다. 저소득 주민 국민건강보험료 지원: 저소득 주민을 대상으로 하는 국민 건강보험료 지원 프로그램으로, 이 역시 21세 여성에게 해당이 될 수 있습니다. 고령화 및 공동화 대응 농기계 구입 비용 지원: 경남 지역의 농업인에게 농기계 구입을 지원하는 프로그램으로, 경상남도 내에서 특정 조건을 충족하면 지원을 받을 수 있습니다. 이 외에도 특수한 상황에서 지원되는 다양한 프로그램이 더 있을 수 있습니다. 관심 있는 지원의 자세한 사항은 해당 기관에 문의하시는 것이 좋습니다.","경상남도, 21세 여성, 현금 혜택, 지원 프로그램, 국민건강보험료, 농기계 구입"
충청남도 남자 61세 다자녀가구 서비스 혜택 받을 수 있을까요?,"SELECT benefit_summary, benefit_details, keywords FROM benefits WHERE area LIKE '%충청남도%' AND min_age <= 61 AND max_age >= 61 AND (gender = '남자' OR gender = '') AND household_category LIKE '%다자녀가구%' LIMIT 15;","충청남도에 거주하는 61세 남성으로서 다자녀 가구에 해당하신다면, 현재 확인된 서비스 혜택으로는 '사회적 취약계층 상수도 요금 감면'이 있습니다. 이 혜택은 공주시에 해당하며, 사회적 취약계층에 해당하는 경우 상수도 요금의 감면을 받을 수 있는 프로그램입니다. 

그러나 다른 정보는 확인되지 않았으며, 다자녀 가구와 관련된 특정 혜택에 대한 정보는 없습니다. 따라서 추가적인 혜택이 있는지 확인하고 싶다면 시청이나 관련 기관에 문의하는 것이 좋습니다.","충청남도에 거주하는 61세 남성으로서 다자녀 가구에 해당하신다면, 현재 확인된 서비스 혜택으로는 '사회적 취약계층 상수도 요금 감면'이 있습니다. 이 혜택은 공주시에 해당하며, 사회적 취약계층에 해당하는 경우 상수도 요금의 감면을 받을 수 있는 프로그램입니다. 그러나 다른 정보는 확인되지 않았으며, 다자녀 가구와 관련된 특정 혜택에 대한 정보는 없습니다. 따라서 추가적인 혜택이 있는지 확인하고 싶다면 시청이나 관련 기관에 문의하는 것이 좋습니다.","충청남도, 61세 남성, 다자녀 가구, 사회적 취약계층, 상수도 요금 감면, 혜택, 공주시, 프로그램, 정보, 시청, 관련 기관, 문의"
강원특별자치도 여자 61세 확대가족 이용권 혜택 찾아주세요.,"SELECT benefit_summary, benefit_details, keywords FROM benefits WHERE area LIKE '%강원특별자치도%' AND (gender = '여자' OR gender = '') AND min_age <= 61 AND max_age >= 61 AND support_type LIKE '%이용권%' LIMIT 15;","강원특별자치도에서 61세 여성에게 제공되는 확대가족 이용권 혜택으로는 '장애인 평생교육 이용권 지원'이 있습니다. 이 지원은 장애인과 평생교육을 대상으로 하며, 강릉시에 위치한 프로그램입니다. 또한, '전입세대 지원'이라는 혜택도 있으며, 이는 정선군에서 전입세대에게 상품권이나 관광지 관련 지원을 제공합니다. 추가적인 정보가 필요하시면 구체적인 조건이나 신청 방법에 대해 문의해 주시기 바랍니다.","강원특별자치도에서 61세 여성에게 제공되는 확대가족 이용권 혜택으로는 '장애인 평생교육 이용권 지원'이 있습니다. 이 지원은 장애인과 평생교육을 대상으로 하며, 강릉시에 위치한 프로그램입니다. 또한, '전입세대 지원'이라는 혜택도 있으며, 이는 정선군에서 전입세대에게 상품권이나 관광지 관련 지원을 제공합니다. 추가적인 정보가 필요하시면 구체적인 조건이나 신청 방법에 대해 문의해 주시기 바랍니다.","강원특별자치도, 61세 여성, 확대가족 이용권, 장애인 평생교육 이용권, 전입세대 지원"
고성군 61세 여자 이용권 혜택 이 있어요?,"SELECT benefit_summary, benefit_details, keywords FROM benefits WHERE district LIKE '%고성군%' AND min_age <= 61 AND max_age >= 61 AND (gender = '여자' OR gender = '') AND support_type LIKE '%이용권%' LIMIT 15;","고성군에서는 61세 이상의 여자분들을 위한 특별한 이용권 혜택이 제공됩니다. 특히, 농어촌버스 이용이 어려운 마을 주민들을 위해 '행복택시 이용 지원' 프로그램이 운영되고 있습니다. 이를 통해 교통이 불편한 지역에서도 더욱 쉽게 이동할 수 있도록 돕고 있습니다. 추가적인 정보나 신청 방법에 대해서는 고성군청 또는 관련 기관에 문의하시면 자세하게 안내받으실 수 있습니다.","고성군에서는 61세 이상의 여자분들을 위한 특별한 이용권 혜택이 제공됩니다. 특히, 농어촌버스 이용이 어려운 마을 주민들을 위해 '행복택시 이용 지원' 프로그램이 운영되고 있습니다. 이를 통해 교통이 불편한 지역에서도 더욱 쉽게 이동할 수 있도록 돕고 있습니다. 추가적인 정보나 신청 방법에 대해서는 고성군청 또는 관련 기관에 문의하시면 자세하게 안내받으실 수 있습니다.","고성군, 여자분들, 이용권 혜택, 행복택시 이용 지원, 교통이 불편한 지역"
강원특별자치도 여자 61세 확대가족 이용권 혜택 이 있나요?,"SELECT benefit_summary, benefit_details, keywords FROM benefits WHERE area LIKE '%강원특별자치도%' AND (gender = '여자' OR gender = '') AND min_age <= 61 AND max_age >= 61 AND support_type LIKE '%이용권%' LIMIT 15;",강원특별자치도에서 시행하는 정책 중에 여자 61세를 위한 확대가족 이용권 혜택은 확인되지 않았습니다. 그러나 장애인 평생교육 이용권 지원과 전입세대 지원과 같은 다른 혜택들이 있습니다. 특정 혜택에 대한 더 자세한 내용은 해당 지역 관청이나 관련 기관에 문의하시는 것이 좋습니다.,강원특별자치도에서 시행하는 정책 중에 여자 61세를 위한 확대가족 이용권 혜택은 확인되지 않았습니다. 그러나 장애인 평생교육 이용권 지원과 전입세대 지원과 같은 다른 혜택들이 있습니다. 특정 혜택에 대한 더 자세한 내용은 해당 지역 관청이나 관련 기관에 문의하시는 것이 좋습니다.,"강원특별자치도, 정책, 여자 61세, 확대가족 이용권, 장애인 평생교육, 혜택, 관청, 관련 기관, 지원, 이용권"
가평군 30세 남자 서비스 혜택 알 수 있을까요?,"SELECT benefit_summary, benefit_details, keywords FROM benefits WHERE district LIKE '%가평군%' AND min_age <= 30 AND max_age >= 30 AND (gender = '남자' OR gender = '') LIMIT 15;","가평군에 거주하는 30세 남성에게 유용한 서비스 혜택에 대한 정보는 다음과 같습니다:

1. **광복회원인 독립유공자에게 지역화폐로 위로금 지원**: 광복회원 분들에게는 지역화폐로 위로금이 지원됩니다.
  
2. **국가유공자 사망 시 유족에게 위로금 지원**: 국가유공자로 등록된 분이 사망할 경우, 그 유족에게 위로금이 지원됩니다.

3. **국가유공자 및 유족에게 보훈명예수당 지급**: 국가유공자와 그 유족에게는 보훈명예수당이 지급되어 생활안정을 도와드립니다.

4. **참전유공자에게 참전명예수당 지원**: 6.25 전쟁이나 월남전에 참전한 유공자분들께는 참전명예수당이 지원됩니다.

5. **농업 관련 지원**: 만약 농업에 종사하신다면, 농업시설 지원 및 친환경 유기질비료 지원 같은 혜택도 있습니다.

6. **장례 보조금 지원**: 가평군민이 사망한 경우, 화장 장례를 위한 보조금이 지원됩니다.

위 혜택들은 요청자의 자격 요건에 따라 다를 수 있으니, 구체적인 상황에 맞는 지원을 위해 관련 기관에 문의하시기 바랍니다.","가평군에 거주하는 30세 남성에게 유용한 서비스 혜택에 대한 정보는 다음과 같습니다: 광복회원인 독립유공자에게 지역화폐로 위로금 지원: 광복회원 분들에게는 지역화폐로 위로금이 지원됩니다. 국가유공자 사망 시 유족에게 위로금 지원: 국가유공자로 등록된 분이 사망할 경우, 그 유족에게 위로금이 지원됩니다. 국가유공자 및 유족에게 보훈명예수당 지급: 국가유공자와 그 유족에게는 보훈명예수당이 지급되어 생활안정을 도와드립니다. 참전유공자에게 참전명예수당 지원: 25 전쟁이나 월남전에 참전한 유공자분들께는 참전명예수당이 지원됩니다. 농업 관련 지원: 만약 농업에 종사하신다면, 농업시설 지원 및 친환경 유기질비료 지원 같은 혜택도 있습니다. 장례 보조금 지원: 가평군민이 사망한 경우, 화장 장례를 위한 보조금이 지원됩니다. 위 혜택들은 요청자의 자격 요건에 따라 다를 수 있으니, 구체적인 상황에 맞는 지원을 위해 관련 기관에 문의하시기 바랍니다.","가평군, 유용한 서비스, 혜택, 국가유공자, 참전유공자"
광진구 25세 여자 현물 혜택 이 있어요?,"SELECT benefit_summary, benefit_details, keywords FROM benefits WHERE district LIKE '%광진구%' AND min_age <= 25 AND max_age >= 25 AND (gender = '여자' OR gender = '') AND support_type LIKE '%현물%' LIMIT 15;","광진구에서 25세 여성을 위한 특정 현물 혜택은 데이터베이스 조회 결과에서 직접적으로 확인할 수는 없었습니다. 하지만 광진구에서 제공되는 여러 현물 혜택 중에는 긴급 주거 지원, 생활공구 무료 대여 서비스, EM 발효액 무상 제공 등이 있습니다. 또한, 영세 봉제업자 지원과 자전거 안전모 무료 대여 서비스도 포함되어 있습니다. 이와 같은 혜택이 특정 연령이나 성별에 제한되지 않는 경우가 많으므로, 보다 구체적인 조건이나 신청 방법에 대해서는 광진구청의 공식 웹사이트나 관련 기관에 문의하시길 권장합니다.","광진구에서 25세 여성을 위한 특정 현물 혜택은 데이터베이스 조회 결과에서 직접적으로 확인할 수는 없었습니다. 하지만 광진구에서 제공되는 여러 현물 혜택 중에는 긴급 주거 지원, 생활공구 무료 대여 서비스, EM 발효액 무상 제공 등이 있습니다. 또한, 영세 봉제업자 지원과 자전거 안전모 무료 대여 서비스도 포함되어 있습니다. 이와 같은 혜택이 특정 연령이나 성별에 제한되지 않는 경우가 많으므로, 보다 구체적인 조건이나 신청 방법에 대해서는 광진구청의 공식 웹사이트나 관련 기관에 문의하시길 권장합니다.","광진구, 25세 여성, 현물 혜택, 데이터베이스 조회, 긴급 주거 지원, 생활공구 무료 대여, EM 발효액 무상 제공, 영세 봉제업자 지원, 자전거 안전모 무료 대여, 조건, 신청 방법, 광진구청, 공식 웹사이트, 관련 기관"
서울특별시 마포구에 거주하는 39세 남자이며 임업인인 사람에게 적합한 지원을 받을 수 있을까요?,"SELECT benefit_summary, benefit_details, keywords FROM benefits WHERE area LIKE '%서울특별시%' AND district LIKE '%마포구%' AND min_age <= 39 AND max_age >= 39 AND (gender = '남자' OR gender = '') AND personal_category LIKE '%임업인%' LIMIT 15;","서울특별시 마포구에 거주하는 39세 남자이며 임업인인 분께는 ""거주자우선주차 및 시설 공영주차장 주차요금 감면"" 지원을 받을 수 있습니다. 이 지원은 주차요금 감면 및 할인 혜택을 포함하고 있으며, 마포구 거주자에게 특히 유용할 것입니다. 필요한 추가 정보나 신청 방법이 궁금하시다면 관련 기관에 문의하시는 것이 좋습니다.","서울특별시 마포구에 거주하는 39세 남자이며 임업인인 분께는 ""거주자우선주차 및 시설 공영주차장 주차요금 감면"" 지원을 받을 수 있습니다. 이 지원은 주차요금 감면 및 할인 혜택을 포함하고 있으며, 마포구 거주자에게 특히 유용할 것입니다. 필요한 추가 정보나 신청 방법이 궁금하시다면 관련 기관에 문의하시는 것이 좋습니다.","서울특별시, 마포구, 거주자우선주차, 시설 공영주차장, 주차요금 감면"
경기도 여자 68세 무주택세대 이용권 혜택 이 무엇인가요?,"SELECT benefit_summary, benefit_details, keywords FROM benefits WHERE area LIKE '%경기도%' AND min_age <= 68 AND max_age >= 68 AND (gender = '여자' OR gender = '') AND support_type LIKE '%이용권%' LIMIT 15;","경기도의 경우 68세 이상의 여성 무주택 세대에게 제공되는 구체적인 이용권 혜택은 포함된 데이터 조회 결과에서는 직접적으로 언급되지 않았습니다. 그러나 경기도에서 제공하는 다양한 지원 프로그램들 중 일부는 다음과 같습니다:

1. **장애인에게 활동지원 서비스 추가 지원**: 광명시에서 장애인들을 위한 활동 지원 서비스를 제공하고 있습니다.
2. **고령운전자 운전면허 자진반납 지원**: 고령 운전자가 자진반납할 경우 지원을 받을 수 있는 혜택이 있습니다.
3. **노동자 휴가비 지원**: 경기도 내 노동자에게 휴가비 지원이 이루어지고 있으며, 이는 무주택 세대에도 해당될 수 있습니다.

무주택 세대의 여성에게 제공되는 구체적인 이용권 혜택에 대한 정보는 추가적인 조사나 확인이 필요할 것 같습니다. 관련 기관에 문의하시거나 공식 웹사이트를 참조하여 보다 정확한 정보를 얻으시는 것이 좋습니다.","경기도의 경우 68세 이상의 여성 무주택 세대에게 제공되는 구체적인 이용권 혜택은 포함된 데이터 조회 결과에서는 직접적으로 언급되지 않았습니다. 그러나 경기도에서 제공하는 다양한 지원 프로그램들 중 일부는 다음과 같습니다: 장애인에게 활동지원 서비스 추가 지원: 광명시에서 장애인들을 위한 활동 지원 서비스를 제공하고 있습니다. 고령운전자 운전면허 자진반납 지원: 고령 운전자가 자진반납할 경우 지원을 받을 수 있는 혜택이 있습니다. 노동자 휴가비 지원: 경기도 내 노동자에게 휴가비 지원이 이루어지고 있으며, 이는 무주택 세대에도 해당될 수 있습니다. 무주택 세대의 여성에게 제공되는 구체적인 이용권 혜택에 대한 정보는 추가적인 조사나 확인이 필요할 것 같습니다. 관련 기관에 문의하시거나 공식 웹사이트를 참조하여 보다 정확한 정보를 얻으시는 것이 좋습니다.","경기도, 무주택 세대, 이용권 혜택, 지원 프로그램, 고령운전자"
세종특별자치시 52세 여자 이용권 혜택 조회해줘.,"SELECT benefit_summary, benefit_details, keywords FROM benefits WHERE area LIKE '%세종특별자치시%' AND min_age <= 52 AND max_age >= 52 AND (gender = '여자' OR gender = '') AND support_type LIKE '%이용권%' LIMIT 15;",세종특별자치시에 거주하는 52세 여성에게는 '장애인 평생교육 이용권 우수 이용자 지원' 혜택이 제공됩니다. 이 혜택은 장애인과 평생교육 관련 지원을 포함하고 있습니다. 더 궁금한 점이 있으시면 말씀해 주세요!,세종특별자치시에 거주하는 52세 여성에게는 '장애인 평생교육 이용권 우수 이용자 지원' 혜택이 제공됩니다. 이 혜택은 장애인과 평생교육 관련 지원을 포함하고 있습니다. 더 궁금한 점이 있으시면 말씀해 주세요!,"세종특별자치시, 52세 여성, 장애인 평생교육 이용권, 우수 이용자 지원, 평생교육 관련 지원"
대구광역시 여자 22세 다자녀가구 서비스 혜택 조회해줘.,"SELECT benefit_summary, benefit_details, keywords FROM benefits WHERE area LIKE '%대구광역시%' AND min_age <= 22 AND max_age >= 22 AND (gender = '여자' OR gender = '') AND household_category LIKE '%다자녀가구%' LIMIT 15;","대구광역시에 거주하는 22세 여성으로, 다자녀 가구에 해당하신 경우 받을 수 있는 서비스 혜택은 다음과 같습니다:

1. **대학생 학자금 대출 부담 경감 지원**: 학자금 관련 대출과 이자에 대한 지원 혜택이 제공됩니다. 이로 인해 학비 부담이 줄어들 수 있습니다.

2. **체육시설 이용요금 감면**: 국가유공자 또는 장애인 외에도 특정 사회 취약계층을 위한 체육시설 이용요금 감면 혜택이 일부 시설에서 제공됩니다. 예를 들어, 대구실내빙상장 및 대구국제사격장이 여기에 해당합니다. 

이 외에도 다양한 시설에서의 이용요금 감면 혜택이 있으니, 구체적인 시설에 대해 더 알아보시는 것도 좋을 것 같습니다.","대구광역시에 거주하는 22세 여성으로, 다자녀 가구에 해당하신 경우 받을 수 있는 서비스 혜택은 다음과 같습니다: 대학생 학자금 대출 부담 경감 지원: 학자금 관련 대출과 이자에 대한 지원 혜택이 제공됩니다. 이로 인해 학비 부담이 줄어들 수 있습니다. 체육시설 이용요금 감면: 국가유공자 또는 장애인 외에도 특정 사회 취약계층을 위한 체육시설 이용요금 감면 혜택이 일부 시설에서 제공됩니다. 예를 들어, 대구실내빙상장 및 대구국제사격장이 여기에 해당합니다. 이 외에도 다양한 시설에서의 이용요금 감면 혜택이 있으니, 구체적인 시설에 대해 더 알아보시는 것도 좋을 것 같습니다.","대구광역시, 여성, 다자녀 가구, 서비스 혜택, 대학생 학자금 대출, 체육시설 이용요금, 국가유공자, 사회 취약계층, 대구실내빙상장, 대구국제사격장, 이용요금 감면, 시설, 혜택"
"중구에 사는 22세 여자, 소득은 0 ~ 50%이고 다자녀가구입니다. 서비스 혜택 알 수 있을까요?","SELECT benefit_summary, benefit_details, keywords FROM benefits WHERE district LIKE '%중구%' AND min_age <= 22 AND max_age >= 22 AND (gender = '여자' OR gender = '') AND income_category LIKE '%0 ~ 50%' AND household_category LIKE '%다자녀가구%' LIMIT 15;","중구에 거주하는 22세 여성으로서 소득이 0~50%인 경우, 다자녀가구 혜택으로 '저소득층 국민건강보험료 지원' 서비스를 이용할 수 있습니다. 이 지원은 저소득층을 위한 건강보험료 지원으로, 울산광역시 중구에 해당됩니다. 이 서비스를 통해 건강보험료 부담을 덜 수 있을 것입니다. 추가적인 정보나 도움이 필요하시다면 언제든지 문의해 주세요!","중구에 거주하는 22세 여성으로서 소득이 0~50%인 경우, 다자녀가구 혜택으로 '저소득층 국민건강보험료 지원' 서비스를 이용할 수 있습니다. 이 지원은 저소득층을 위한 건강보험료 지원으로, 울산광역시 중구에 해당됩니다. 이 서비스를 통해 건강보험료 부담을 덜 수 있을 것입니다. 추가적인 정보나 도움이 필요하시다면 언제든지 문의해 주세요!","중구, 22세 여성, 소득, 다자녀가구 혜택, 저소득층, 국민건강보험료 지원"
대구광역시 여자 22세 다자녀가구 서비스 혜택 을 알려줘,"SELECT benefit_summary, benefit_details, keywords FROM benefits WHERE area LIKE '%대구광역시%' AND min_age <= 22 AND max_age >= 22 AND (gender = '여자' OR gender = '') AND household_category LIKE '%다자녀가구%' LIMIT 15;","대구광역시에 거주하는 22세 여성이 다자녀 가구로서 받을 수 있는 서비스 혜택은 다음과 같습니다:

1. **대학생 학자금 대출 부담 경감 지원**: 이 지원은 학자금 대출에 대한 이자 지원과 신용 회복을 포함하여 학비 부담을 줄이는데 도움을 줍니다.

2. **체육시설 이용요금 감면**: 이 프로그램은 일반적으로 국가유공자 및 장애인을 대상으로 하지만, 다자녀 가구로서 특정 체육시설의 이용요금을 지원받을 수 있는 가능성도 있습니다. 다만, 각 체육시설의 조건에 따라 다를 수 있습니다.

3. 또한, **대구실내빙상장**, **두류수영장**, **대구국제사격장** 등에서의 이용요금 감면 혜택이 있으며, 이 또한 사회취약계층을 위한 지원 프로그램의 일환입니다.

이 혜택을 활용하여 가계 부담을 줄이고, 다양한 문화 및 체육 활동을 즐길 수 있습니다. 자세한 사항은 해당 기관에 문의하여 확인하시기 바랍니다.","대구광역시에 거주하는 22세 여성이 다자녀 가구로서 받을 수 있는 서비스 혜택은 다음과 같습니다: 대학생 학자금 대출 부담 경감 지원: 이 지원은 학자금 대출에 대한 이자 지원과 신용 회복을 포함하여 학비 부담을 줄이는데 도움을 줍니다. 체육시설 이용요금 감면: 이 프로그램은 일반적으로 국가유공자 및 장애인을 대상으로 하지만, 다자녀 가구로서 특정 체육시설의 이용요금을 지원받을 수 있는 가능성도 있습니다. 다만, 각 체육시설의 조건에 따라 다를 수 있습니다. 또한, 대구실내빙상장, 두류수영장, 대구국제사격장 등에서의 이용요금 감면 혜택이 있으며, 이 또한 사회취약계층을 위한 지원 프로그램의 일환입니다. 이 혜택을 활용하여 가계 부담을 줄이고, 다양한 문화 및 체육 활동을 즐길 수 있습니다. 자세한 사항은 해당 기관에 문의하여 확인하시기 바랍니다.","다자녀 가구, 서비스 혜택, 대학생 학자금 대출, 체육시설 이용요금 감면, 사회취약계층"
서울특별시 마포구에 거주하는 27세 여자이며 구직자/실업자인 사람에게 적합한 지원을 가르쳐주세요,"SELECT benefit_summary, benefit_details, keywords FROM benefits WHERE area LIKE '%서울특별시%' AND district LIKE '%마포구%' AND min_age <= 27 AND max_age >= 27 AND (gender = '여자' OR gender = '') AND personal_category LIKE '%구직자%' LIMIT 15;","서울특별시 마포구에 거주하는 27세 여자 구직자/실업자에게 적합한 지원 프로그램은 '청년 취업준비 비용 지원'입니다. 이 지원 프로그램은 청년들의 취업 준비에 필요한 비용을 지원해 주며, 마포구에 거주하는 실업자에게 특히 유용할 것입니다. 취업 준비에 필요한 다양한 비용을 지원받아 성공적인 취업으로 나아가는 데 도움이 될 수 있습니다. 추가적인 정보나 신청 방법이 필요하다면 관련 기관에 문의해 보시길 추천드립니다.","서울특별시 마포구에 거주하는 27세 여자 구직자/실업자에게 적합한 지원 프로그램은 '청년 취업준비 비용 지원'입니다. 이 지원 프로그램은 청년들의 취업 준비에 필요한 비용을 지원해 주며, 마포구에 거주하는 실업자에게 특히 유용할 것입니다. 취업 준비에 필요한 다양한 비용을 지원받아 성공적인 취업으로 나아가는 데 도움이 될 수 있습니다. 추가적인 정보나 신청 방법이 필요하다면 관련 기관에 문의해 보시길 추천드립니다.","마포구, 27세 여자, 구직자, 실업자, 청년 취업준비 비용 지원"
서울특별시 마포구 27세 여자 구직자/실업자 주거-자립 지원금 검색해줘.,"SELECT benefit_summary, benefit_details, keywords FROM benefits WHERE area LIKE '%서울특별시%' AND district LIKE '%마포구%' AND min_age <= 27 AND max_age >= 27 AND (gender = '여자' OR gender = '') AND personal_category LIKE '%구직자%' AND personal_category LIKE '%실업자%' LIMIT 15;",서울특별시 마포구에서 27세 여자 구직자 및 실업자를 위한 '청년 취업준비 비용 지원' 프로그램이 있습니다. 이 지원은 청년들이 취업 준비를 하는 데 필요한 비용을 지원하는 내용입니다. 도움이 필요하시면 관련된 정보를 더 찾아보거나 해당 기관에 문의해보시는 것을 권장합니다.,서울특별시 마포구에서 27세 여자 구직자 및 실업자를 위한 '청년 취업준비 비용 지원' 프로그램이 있습니다. 이 지원은 청년들이 취업 준비를 하는 데 필요한 비용을 지원하는 내용입니다. 도움이 필요하시면 관련된 정보를 더 찾아보거나 해당 기관에 문의해보시는 것을 권장합니다.,"마포구, 27세 여자, 구직자, 실업자, 청년 취업준비 비용 지원"
"서울특별시 마포구에 사는 27살 여자, 구직자/실업자인데 받을 수 있는 주거-자립 혜택 찾아줘.","SELECT benefit_summary, benefit_details, keywords FROM benefits WHERE area LIKE '%서울특별시%' AND district LIKE '%마포구%' AND min_age <= 27 AND max_age >= 27 AND (gender = '여자' OR gender = '') AND personal_category LIKE '%구직자%' LIMIT 15;","서울특별시 마포구에 거주하는 27세 여성 구직자이신 경우, '청년 취업준비 비용 지원' 프로그램을 통해 혜택을 받을 수 있습니다. 이 프로그램은 청년을 대상으로 하며, 취업 준비에 필요한 비용을 지원해 줍니다. 실업자이신 상태에서도 이 혜택을 신청할 수 있으니, 자세한 내용은 마포구청이나 관련 기관에 문의하시기 바랍니다.","서울특별시 마포구에 거주하는 27세 여성 구직자이신 경우, '청년 취업준비 비용 지원' 프로그램을 통해 혜택을 받을 수 있습니다. 이 프로그램은 청년을 대상으로 하며, 취업 준비에 필요한 비용을 지원해 줍니다. 실업자이신 상태에서도 이 혜택을 신청할 수 있으니, 자세한 내용은 마포구청이나 관련 기관에 문의하시기 바랍니다.","마포구, 27세 여성, 구직자, 청년 취업준비 비용 지원, 취업 준비, 혜택"
중구 21세 남자 현금 혜택 조회해줘.,"SELECT benefit_summary, benefit_details, keywords FROM benefits WHERE district LIKE '%중구%' AND min_age <= 21 AND max_age >= 21 AND (gender = '남자' OR gender = '') AND support_type LIKE '%현금%' LIMIT 15;","중구에서 21세 남자에게 제공되는 현금 혜택은 다음과 같습니다:

1. **국가보훈대상자에게 예우수당 지원**: 보훈예우수당이 지원되어 생활안정에 도움을 줍니다.
2. **장애인가정 출산지원금**: 장애인이 가정의 출산에 대한 지원금이 지급됩니다.
3. **장애아동 입양 시 축하금 지급**: 장애아동을 입양하는 경우 축하금이 지급됩니다.
4. **입양자에게 입양 시 축하금 지급**: 일반 입양자에게도 축하금이 지원됩니다.

추가로, 나이와 성별에 따라 특정한 조건이 있을 수 있으므로, 각 혜택의 자격 요건을 확인하시는 것이 좋습니다. 더욱 구체적인 정보가 필요하시면 관련 기관에 문의해 보시길 권장드립니다.","중구에서 21세 남자에게 제공되는 현금 혜택은 다음과 같습니다: 국가보훈대상자에게 예우수당 지원: 보훈예우수당이 지원되어 생활안정에 도움을 줍니다. 장애인가정 출산지원금: 장애인이 가정의 출산에 대한 지원금이 지급됩니다. 장애아동 입양 시 축하금 지급: 장애아동을 입양하는 경우 축하금이 지급됩니다. 입양자에게 입양 시 축하금 지급: 일반 입양자에게도 축하금이 지원됩니다. 추가로, 나이와 성별에 따라 특정한 조건이 있을 수 있으므로, 각 혜택의 자격 요건을 확인하시는 것이 좋습니다. 더욱 구체적인 정보가 필요하시면 관련 기관에 문의해 보시길 권장드립니다.","현금 혜택, 국가보훈대상자, 예우수당, 장애인가정 출산지원금, 입양, 축하금"
